ticker,entry_date,entry_px,qty,exit_date,exit_px,hold_days_calendar,exit_reason
AA,2020-08-14,13.98,1.0,2020-08-31,13.96,17,Rotated Out
AA,2021-01-04,22.21,1.0,2021-01-19,22.06,15,Rotated Out
AA,2021-01-08,23.87,1.0,2021-01-21,19.11,13,Trailing Stop
AA,2021-04-19,34.42,1.0,2021-05-19,34.55,30,Trailing Stop
AA,2021-04-20,31.5,1.0,2021-05-19,34.55,29,Trailing Stop
AA,2021-04-22,31.72,1.0,2021-05-19,34.55,27,Trailing Stop
AA,2021-04-28,34.85,1.0,2021-05-19,34.55,21,Trailing Stop
AA,2021-05-03,35.92,1.0,2021-05-19,34.55,16,Trailing Stop
AA,2021-05-19,34.55,1.0,2021-06-16,33.78,28,Trailing Stop
AA,2022-01-25,58.59,1.0,2022-03-09,76.21,43,Trailing Stop
AA,2022-02-03,60.06,1.0,2022-03-09,76.21,34,Trailing Stop
AA,2022-02-08,66.98,1.0,2022-03-09,76.21,29,Trailing Stop
AA,2022-02-09,68.84,1.0,2022-03-09,76.21,28,Trailing Stop
AA,2022-03-09,76.21,1.0,2022-04-11,79.09,33,Trailing Stop
AA,2024-05-30,43.73,1.0,2024-06-13,37.84,14,Trailing Stop
AA,2024-05-31,43.46,1.0,2024-06-13,37.84,13,Trailing Stop
AA,2024-06-03,43.21,1.0,2024-06-13,37.84,10,Trailing Stop
AA,2026-01-13,65.37,1.0,2026-01-27,59.66,14,Rotated Out
AA,2026-02-11,63.15,1.0,2026-02-26,62.92,15,Rotated Out
AAL,2021-04-05,24.23,1.0,2021-04-19,21.55,14,Rotated Out
AAL,2021-04-06,24.06,1.0,2021-04-20,20.37,14,Trailing Stop
AAL,2021-04-12,22.91,1.0,2021-04-22,20.07,10,Trailing Stop
ACI,2021-08-17,19.92,1.0,2021-10-05,19.88,49,Trailing Stop
ACI,2021-08-24,19.13,1.0,2021-10-05,19.88,42,Trailing Stop
ACI,2021-09-02,22.32,1.0,2021-09-16,20.41,14,Rotated Out
ACI,2021-09-09,21.7,1.0,2021-09-23,21.44,14,Rotated Out
ACI,2021-09-21,20.5,1.0,2021-10-07,18.89,16,Trailing Stop
ACI,2021-09-29,21.64,1.0,2021-10-07,18.89,8,Trailing Stop
ADT,2021-06-02,9.28,1.0,2021-07-16,9.15,44,Trailing Stop
ADT,2021-06-17,10.42,1.0,2021-07-01,9.78,14,Rotated Out
AEIS,2026-04-10,379.64,1.0,2026-04-28,369.08,18,Rotated Out
AEIS,2026-04-13,378.94,1.0,2026-04-28,369.08,15,Rotated Out
AHR,2024-08-22,19.38,1.0,2024-12-20,26.79,120,Time Stop
AHR,2024-08-23,20.08,1.0,2024-12-23,27.12,122,Time Stop
AHR,2024-09-03,20.16,1.0,2025-01-02,27.03,121,Time Stop
AHR,2024-09-04,20.84,1.0,2025-01-02,27.03,120,Time Stop
AHR,2024-09-05,21.11,1.0,2025-01-03,27.43,120,Time Stop
AHR,2024-09-06,21.08,1.0,2025-01-06,27.03,122,Time Stop
AL,2020-06-16,29.63,1.0,2020-06-26,25.35,10,Trailing Stop
ALB,2022-06-02,239.26,1.0,2022-06-13,211.91,11,Trailing Stop
ALB,2025-12-12,132.74,1.0,2026-01-30,170.63,49,Trailing Stop
ALB,2025-12-16,131.07,1.0,2026-01-30,170.63,45,Trailing Stop
ALB,2025-12-17,134.71,1.0,2026-01-30,170.63,44,Trailing Stop
ALB,2025-12-22,145.38,1.0,2026-01-30,170.63,39,Trailing Stop
ALB,2026-01-13,176.88,1.0,2026-01-30,170.63,17,Trailing Stop
ALB,2026-01-14,177.55,1.0,2026-01-30,170.63,16,Trailing Stop
ALB,2026-01-30,170.63,1.0,2026-02-13,166.35,14,Rotated Out
ALB,2026-02-03,170.64,1.0,2026-02-17,168.92,14,Rotated Out
ALB,2026-02-04,168.66,1.0,2026-02-19,168.41,15,Rotated Out
ALGM,2025-07-21,36.69,1.0,2025-07-31,31.41,10,Trailing Stop
ALGN,2023-02-24,306.28,1.0,2023-03-27,305.95,31,Rotated Out
ALGN,2023-02-27,304.64,1.0,2023-04-27,317.73,59,Trailing Stop
ALGN,2023-02-28,309.5,1.0,2023-03-24,306.7,24,Rotated Out
ALGN,2023-03-02,313.21,1.0,2023-03-22,312.31,20,Rotated Out
ALGN,2023-03-03,334.56,1.0,2023-03-22,312.31,19,Rotated Out
ALGN,2023-03-06,335.8,1.0,2023-03-22,312.31,16,Rotated Out
ALGN,2023-03-07,334.78,1.0,2023-03-22,312.31,15,Rotated Out
ALGN,2023-03-08,332.26,1.0,2023-03-22,312.31,14,Rotated Out
ALGN,2023-03-09,321.64,1.0,2023-03-23,311.48,14,Rotated Out
ALGN,2023-03-13,315.41,1.0,2023-03-27,305.95,14,Rotated Out
ALK,2025-02-20,75.36,1.0,2025-03-04,65.3,12,Trailing Stop
ALK,2025-02-21,70.18,1.0,2025-03-06,62.2,13,Trailing Stop
ALK,2025-02-25,71.4,1.0,2025-03-06,62.2,9,Trailing Stop
ALK,2025-02-27,71.07,1.0,2025-03-06,62.2,7,Trailing Stop
AM,2020-07-07,3.47,1.0,2020-07-27,3.47,20,Rotated Out
AMD,2020-01-03,48.6,1.0,2020-01-29,47.51,26,Rotated Out
AMD,2023-05-26,127.03,1.0,2023-06-09,124.92,14,Rotated Out
AMD,2023-05-30,125.27,1.0,2023-06-13,124.53,14,Rotated Out
AMD,2024-01-23,168.42,1.0,2024-02-06,167.88,14,Rotated Out
AMD,2024-01-26,177.25,1.0,2024-02-09,172.48,14,Rotated Out
AMKR,2021-03-24,20.15,1.0,2021-04-20,21.22,27,Trailing Stop
AMKR,2021-04-05,24.69,1.0,2021-04-19,21.9,14,Rotated Out
AMKR,2022-12-13,25.46,1.0,2022-12-27,23.19,14,Rotated Out
AMKR,2023-01-09,28.34,1.0,2023-01-24,28.11,15,Rotated Out
AMKR,2023-01-10,27.87,1.0,2023-01-30,27.47,20,Rotated Out
AMKR,2023-01-11,28.23,1.0,2023-01-27,28.23,16,Rotated Out
AMKR,2023-01-12,28.57,1.0,2023-01-27,28.23,15,Rotated Out
AMKR,2023-01-13,29.49,1.0,2023-01-27,28.23,14,Rotated Out
AMTM,2026-02-06,37.53,1.0,2026-02-10,32.06,4,Trailing Stop
AMZN,2020-03-25,94.29,1.0,2020-07-01,143.93,98,Take Profit
AMZN,2020-03-30,98.2,1.0,2020-07-06,152.85,98,Take Profit
ANET,2021-12-14,32.78,1.0,2022-01-07,32.37,24,Rotated Out
ANET,2021-12-15,34.67,1.0,2022-01-04,34.67,20,Rotated Out
ANET,2021-12-17,33.76,1.0,2022-01-05,33.29,19,Rotated Out
ANET,2021-12-21,34.48,1.0,2022-01-05,33.29,15,Rotated Out
ANET,2021-12-28,36.22,1.0,2022-01-11,33.29,14,Rotated Out
APA,2020-03-03,21.52,1.0,2020-03-06,17.83,3,Trailing Stop
APA,2020-07-01,11.23,1.0,2020-08-21,12.34,51,Trailing Stop
APA,2021-11-15,25.86,1.0,2021-11-19,22.71,4,Trailing Stop
APA,2021-11-19,22.71,1.0,2021-12-03,22.34,14,Rotated Out
APA,2022-03-21,35.84,1.0,2022-04-06,35.78,16,Rotated Out
APA,2026-03-27,44.39,1.0,2026-04-08,38.75,12,Trailing Stop
APA,2026-03-30,43.74,1.0,2026-04-13,39.49,14,Rotated Out
APP,2021-11-04,98.55,1.0,2021-11-18,99.64,14,Trailing Stop
APP,2021-11-09,103.57,1.0,2021-11-18,99.64,9,Trailing Stop
APP,2021-11-10,95.73,1.0,2021-11-18,99.64,8,Trailing Stop
APP,2023-06-01,24.83,1.0,2023-06-07,21.53,6,Trailing Stop
APP,2023-06-02,24.81,1.0,2023-06-07,21.53,5,Trailing Stop
APP,2023-06-05,25.6,1.0,2023-06-07,21.53,2,Trailing Stop
APP,2023-06-07,21.53,1.0,2023-08-10,37.2,64,Take Profit
APP,2023-07-12,28.3,1.0,2023-08-30,42.98,49,Take Profit
APP,2023-07-18,28.31,1.0,2023-08-30,42.98,43,Take Profit
APP,2023-07-24,28.15,1.0,2023-08-30,42.98,37,Take Profit
APP,2023-07-25,28.64,1.0,2023-08-30,42.98,36,Take Profit
APP,2023-07-28,31.26,1.0,2023-09-21,38.44,55,Trailing Stop
APP,2023-07-31,31.4,1.0,2023-09-21,38.44,52,Trailing Stop
APP,2023-08-30,42.98,1.0,2023-09-21,38.44,22,Trailing Stop
APP,2023-09-05,42.54,1.0,2023-09-21,38.44,16,Trailing Stop
APP,2023-09-11,42.4,1.0,2023-09-21,38.44,10,Trailing Stop
APP,2023-09-13,40.81,1.0,2023-09-21,38.44,8,Trailing Stop
APP,2023-09-19,39.73,1.0,2023-10-24,38.47,35,Rotated Out
APP,2023-09-21,38.44,1.0,2023-10-25,36.15,34,Rotated Out
APP,2023-11-06,39.42,1.0,2023-11-21,38.77,15,Rotated Out
APP,2023-11-07,40.89,1.0,2023-11-21,38.77,14,Rotated Out
APP,2024-03-20,70.52,1.0,2024-04-19,66.8,30,Trailing Stop
APP,2024-03-22,71.23,1.0,2024-04-17,70.9,26,Rotated Out
APP,2024-04-02,69.72,1.0,2024-04-19,66.8,17,Trailing Stop
APP,2024-04-08,78.05,1.0,2024-04-19,66.8,11,Trailing Stop
APP,2024-04-09,76.52,1.0,2024-04-19,66.8,10,Trailing Stop
APP,2024-04-15,71.43,1.0,2024-06-13,75.65,59,Trailing Stop
APP,2024-04-16,72.32,1.0,2024-06-13,75.65,58,Trailing Stop
APP,2024-04-18,68.86,1.0,2024-06-13,75.65,56,Trailing Stop
APP,2024-04-19,66.8,1.0,2024-06-13,75.65,55,Trailing Stop
APP,2024-04-30,70.57,1.0,2024-06-13,75.65,44,Trailing Stop
APP,2024-05-02,72.47,1.0,2024-06-13,75.65,42,Trailing Stop
APP,2024-05-03,75.07,1.0,2024-06-13,75.65,41,Trailing Stop
APP,2024-09-19,124.0,1.0,2024-11-07,246.53,49,Take Profit
APP,2024-09-20,126.09,1.0,2024-11-07,246.53,48,Take Profit
APP,2024-10-07,139.95,1.0,2024-11-07,246.53,31,Take Profit
APP,2024-10-28,166.18,1.0,2024-11-08,290.01,11,Take Profit
APP,2024-12-04,373.7,1.0,2024-12-09,342.54,5,Trailing Stop
APP,2024-12-06,401.5,1.0,2024-12-09,342.54,3,Trailing Stop
APP,2024-12-30,335.38,1.0,2025-02-14,510.13,46,Take Profit
APP,2024-12-31,323.83,1.0,2025-02-14,510.13,45,Take Profit
APP,2025-01-02,341.78,1.0,2025-02-21,415.31,50,Trailing Stop
APP,2025-01-03,350.65,1.0,2025-02-21,415.31,49,Trailing Stop
APP,2025-01-06,354.93,1.0,2025-02-21,415.31,46,Trailing Stop
APP,2025-01-07,330.01,1.0,2025-02-14,510.13,38,Take Profit
APP,2025-09-29,712.36,1.0,2025-10-06,587.0,7,Trailing Stop
APP,2025-09-30,718.54,1.0,2025-10-06,587.0,6,Trailing Stop
AR,2021-02-08,8.08,1.0,2021-03-18,9.28,38,Trailing Stop
AR,2021-02-19,8.96,1.0,2021-03-18,9.28,27,Trailing Stop
AR,2021-02-23,8.92,1.0,2021-03-18,9.28,23,Trailing Stop
AR,2021-02-24,9.54,1.0,2021-03-18,9.28,22,Trailing Stop
AR,2021-03-05,9.88,1.0,2021-03-18,9.28,13,Trailing Stop
AR,2021-03-08,9.72,1.0,2021-03-18,9.28,10,Trailing Stop
AR,2022-03-08,26.05,1.0,2022-05-09,32.84,62,Trailing Stop
AR,2022-03-09,26.32,1.0,2022-05-09,32.84,61,Trailing Stop
AR,2022-03-28,31.07,1.0,2022-05-09,32.84,42,Trailing Stop
AR,2022-04-04,31.08,1.0,2022-05-09,32.84,35,Trailing Stop
AR,2022-04-05,30.42,1.0,2022-05-09,32.84,34,Trailing Stop
AR,2022-06-02,45.09,1.0,2022-06-14,38.04,12,Trailing Stop
AR,2022-06-13,42.59,1.0,2022-06-16,36.92,3,Trailing Stop
AR,2022-06-16,36.92,1.0,2022-06-23,30.74,7,Trailing Stop
AR,2022-06-17,34.38,1.0,2022-06-30,30.65,13,Trailing Stop
ARWR,2020-01-03,61.56,1.0,2020-01-17,56.42,14,Rotated Out
ARWR,2020-11-06,66.45,1.0,2020-11-24,60.39,18,Trailing Stop
ARWR,2020-11-09,68.1,1.0,2020-11-24,60.39,15,Trailing Stop
ARWR,2020-11-10,68.68,1.0,2020-11-24,60.39,14,Trailing Stop
ARWR,2025-10-01,35.01,1.0,2025-11-26,57.71,56,Take Profit
ARWR,2025-10-06,37.5,1.0,2025-11-26,57.71,51,Take Profit
ARWR,2025-10-13,36.25,1.0,2025-11-26,57.71,44,Take Profit
ARWR,2025-10-14,35.96,1.0,2025-11-26,57.71,43,Take Profit
ARWR,2025-10-15,38.19,1.0,2025-11-26,57.71,42,Take Profit
ARWR,2025-10-16,38.97,1.0,2025-12-03,65.07,48,Take Profit
ARWR,2025-10-20,38.47,1.0,2025-11-26,57.71,37,Take Profit
ARWR,2025-10-21,38.03,1.0,2025-11-26,57.71,36,Take Profit
ARWR,2025-12-23,69.83,1.0,2026-01-13,65.54,21,Rotated Out
ARWR,2025-12-31,66.39,1.0,2026-01-14,65.91,14,Rotated Out
ARWR,2026-01-02,67.79,1.0,2026-01-20,65.28,18,Rotated Out
ARWR,2026-01-15,66.25,1.0,2026-02-06,64.52,22,Rotated Out
ARWR,2026-02-02,73.0,1.0,2026-02-09,62.64,7,Trailing Stop
ARWR,2026-02-04,68.06,1.0,2026-02-18,64.38,14,Rotated Out
ARWR,2026-02-05,64.64,1.0,2026-02-19,63.86,14,Rotated Out
ATI,2020-11-24,14.51,1.0,2021-03-11,21.95,107,Take Profit
ATI,2022-01-20,20.24,1.0,2022-05-05,26.62,105,Trailing Stop
ATI,2022-01-24,19.83,1.0,2022-04-14,30.33,80,Take Profit
ATI,2022-02-07,22.94,1.0,2022-05-05,26.62,87,Trailing Stop
ATI,2022-02-08,23.54,1.0,2022-05-05,26.62,86,Trailing Stop
ATI,2022-02-09,23.86,1.0,2022-05-05,26.62,85,Trailing Stop
ATI,2022-03-21,26.44,1.0,2022-05-05,26.62,45,Trailing Stop
ATI,2022-03-28,27.09,1.0,2022-04-12,26.98,15,Rotated Out
ATI,2022-04-04,27.85,1.0,2022-04-25,27.63,21,Rotated Out
ATI,2026-03-09,156.7,1.0,2026-03-23,146.38,14,Rotated Out
AVAV,2022-04-11,107.8,1.0,2022-04-21,91.9,10,Trailing Stop
AVAV,2022-04-12,108.51,1.0,2022-04-21,91.9,9,Trailing Stop
AVAV,2022-05-02,85.73,1.0,2022-05-09,75.77,7,Trailing Stop
AVAV,2022-05-05,84.71,1.0,2022-06-13,83.34,39,Trailing Stop
AVAV,2022-05-23,85.1,1.0,2022-06-13,83.34,21,Trailing Stop
AVAV,2022-05-26,90.05,1.0,2022-06-13,83.34,18,Trailing Stop
AVAV,2022-05-27,95.99,1.0,2022-06-10,90.53,14,Rotated Out
AVAV,2023-11-27,134.41,1.0,2023-12-07,123.93,10,Trailing Stop
AVAV,2023-11-29,134.79,1.0,2023-12-07,123.93,8,Trailing Stop
AVAV,2023-11-30,137.61,1.0,2023-12-07,123.93,7,Trailing Stop
AVAV,2024-06-18,219.31,1.0,2024-06-21,189.48,3,Trailing Stop
AVGO,2025-02-25,199.99,1.0,2025-03-03,185.01,6,Trailing Stop
AXON,2022-11-21,186.95,1.0,2022-12-06,169.43,15,Rotated Out
AXON,2022-11-28,183.94,1.0,2022-12-12,168.59,14,Rotated Out
AXON,2022-12-16,169.34,1.0,2022-12-30,165.93,14,Rotated Out
AXON,2022-12-21,174.72,1.0,2023-01-04,168.76,14,Rotated Out
AXON,2025-05-22,723.75,1.0,2025-07-22,720.74,61,Trailing Stop
AYI,2021-04-20,169.66,1.0,2021-07-06,167.88,77,Rotated Out
BIIB,2022-11-22,306.72,1.0,2022-12-07,292.15,15,Rotated Out
BJ,2025-04-03,118.49,1.0,2025-04-17,118.45,14,Rotated Out
BJ,2025-04-04,115.41,1.0,2025-04-21,114.02,17,Rotated Out
BLDR,2021-12-13,77.44,1.0,2022-01-18,75.95,36,Rotated Out
BLDR,2021-12-28,84.46,1.0,2022-01-11,80.49,14,Rotated Out
BLDR,2022-01-05,82.4,1.0,2022-01-19,72.63,14,Rotated Out
BLDR,2023-05-08,113.67,1.0,2023-05-23,113.01,15,Rotated Out
BLDR,2023-05-18,122.31,1.0,2023-06-01,115.86,14,Rotated Out
BLDR,2023-05-19,120.24,1.0,2023-06-02,118.97,14,Rotated Out
BLDR,2023-05-22,120.17,1.0,2023-08-17,130.06,87,Trailing Stop
BLDR,2023-05-25,116.79,1.0,2023-08-17,130.06,84,Trailing Stop
BLDR,2023-05-26,115.58,1.0,2023-08-17,130.06,83,Trailing Stop
BOOT,2020-10-26,32.79,1.0,2021-01-11,54.7,77,Take Profit
BOOT,2020-10-29,33.43,1.0,2021-01-11,54.7,74,Take Profit
BOOT,2020-11-02,34.52,1.0,2021-01-11,54.7,70,Take Profit
BOOT,2021-12-07,126.4,1.0,2021-12-16,113.41,9,Trailing Stop
BOOT,2021-12-09,126.91,1.0,2021-12-16,113.41,7,Trailing Stop
BOOT,2021-12-10,129.86,1.0,2021-12-16,113.41,6,Trailing Stop
BOOT,2024-06-07,128.01,1.0,2024-06-25,127.84,18,Rotated Out
BOOT,2024-06-17,130.38,1.0,2024-07-01,130.13,14,Rotated Out
BOOT,2024-06-18,133.81,1.0,2024-07-02,131.4,14,Rotated Out
BROS,2025-01-02,56.31,1.0,2025-02-18,85.37,47,Take Profit
BROS,2025-01-06,57.78,1.0,2025-02-25,73.14,50,Trailing Stop
BROS,2025-01-07,57.53,1.0,2025-02-25,73.14,49,Trailing Stop
BSY,2021-06-15,63.11,1.0,2021-07-01,62.27,16,Rotated Out
BSY,2021-06-16,63.93,1.0,2021-06-30,63.53,14,Rotated Out
BSY,2021-06-17,63.89,1.0,2021-07-01,62.27,14,Rotated Out
BURL,2022-12-21,192.84,1.0,2023-03-13,204.9,82,Trailing Stop
BURL,2022-12-23,200.34,1.0,2023-03-13,204.9,80,Trailing Stop
BURL,2022-12-27,204.9,1.0,2023-03-13,204.9,76,Trailing Stop
BURL,2023-01-20,221.84,1.0,2023-02-27,217.11,38,Rotated Out
BURL,2023-01-23,226.17,1.0,2023-02-09,221.96,17,Rotated Out
BURL,2023-02-06,230.5,1.0,2023-02-21,222.05,15,Rotated Out
BURL,2023-02-07,227.7,1.0,2023-02-21,222.05,14,Rotated Out
BURL,2024-08-16,264.27,1.0,2024-09-06,259.92,21,Rotated Out
BWXT,2025-08-11,177.38,1.0,2025-08-25,162.61,14,Rotated Out
BWXT,2025-08-14,174.2,1.0,2025-08-28,165.59,14,Rotated Out
CACI,2025-05-15,476.98,1.0,2025-05-29,429.18,14,Rotated Out
CACI,2025-05-22,474.75,1.0,2025-06-02,416.26,11,Trailing Stop
CAVA,2024-03-07,61.72,1.0,2024-04-09,60.28,33,Trailing Stop
CAVA,2024-07-03,94.92,1.0,2024-07-17,81.48,14,Trailing Stop
CAVA,2024-07-08,94.74,1.0,2024-07-17,81.48,9,Trailing Stop
CCL,2023-06-15,16.05,1.0,2023-08-11,16.71,57,Trailing Stop
CCL,2023-06-21,15.82,1.0,2023-08-11,16.71,51,Trailing Stop
CCL,2023-06-23,15.73,1.0,2023-08-11,16.71,49,Trailing Stop
CCL,2023-07-03,18.87,1.0,2023-08-07,17.96,35,Rotated Out
CCL,2023-07-10,19.21,1.0,2023-08-07,17.96,28,Rotated Out
CCL,2023-08-09,17.19,1.0,2023-08-23,16.18,14,Rotated Out
CCL,2023-08-10,17.28,1.0,2023-08-24,15.64,14,Rotated Out
CCL,2023-08-11,16.71,1.0,2023-08-25,15.83,14,Rotated Out
CEG,2022-05-26,60.75,1.0,2022-06-09,59.52,14,Rotated Out
CEG,2022-05-27,64.77,1.0,2022-06-10,58.14,14,Rotated Out
CEG,2022-09-22,83.18,1.0,2022-10-07,82.21,15,Rotated Out
CEG,2022-09-23,81.69,1.0,2022-10-11,80.74,18,Rotated Out
CEG,2022-09-27,81.8,1.0,2022-10-11,80.74,14,Rotated Out
CEG,2022-10-17,82.99,1.0,2023-01-03,79.92,78,Trailing Stop
CEG,2022-10-24,85.32,1.0,2022-11-08,85.28,15,Rotated Out
CEG,2022-10-25,85.88,1.0,2022-11-08,85.28,14,Rotated Out
CELH,2020-01-17,1.75,1.0,2020-03-09,1.83,52,Trailing Stop
CELH,2020-02-18,2.07,1.0,2020-03-05,2.07,16,Rotated Out
CELH,2020-03-03,2.11,1.0,2020-03-09,1.83,6,Trailing Stop
CELH,2020-06-18,3.39,1.0,2020-08-05,5.22,48,Take Profit
CELH,2020-07-09,4.3,1.0,2020-08-06,6.94,28,Take Profit
CELH,2020-07-10,4.31,1.0,2020-08-06,6.94,27,Take Profit
CELH,2020-07-15,4.59,1.0,2020-08-06,6.94,22,Take Profit
CELH,2020-07-21,4.72,1.0,2020-08-13,7.15,23,Take Profit
CELH,2020-07-24,4.66,1.0,2020-08-07,7.07,14,Take Profit
CELH,2020-08-03,4.8,1.0,2020-08-17,7.68,14,Take Profit
CELH,2020-08-05,5.22,1.0,2020-08-19,8.46,14,Take Profit
CELH,2020-09-09,6.79,1.0,2020-10-30,6.7,51,Trailing Stop
CELH,2020-09-11,6.87,1.0,2020-10-08,6.83,27,Rotated Out
CELH,2020-09-14,7.04,1.0,2020-10-08,6.83,24,Rotated Out
CELH,2020-09-18,7.31,1.0,2020-10-08,6.83,20,Rotated Out
CELH,2020-09-24,6.51,1.0,2020-10-30,6.7,36,Trailing Stop
CELH,2020-09-25,6.59,1.0,2020-10-30,6.7,35,Trailing Stop
CELH,2021-01-08,19.51,1.0,2021-01-27,18.95,19,Trailing Stop
CELH,2021-01-19,23.19,1.0,2021-01-27,18.95,8,Trailing Stop
CELH,2021-01-22,21.56,1.0,2021-01-27,18.95,5,Trailing Stop
CELH,2021-01-25,20.97,1.0,2021-01-27,18.95,2,Trailing Stop
CELH,2021-01-26,21.64,1.0,2021-01-27,18.95,1,Trailing Stop
CELH,2021-02-24,19.62,1.0,2021-03-04,17.68,8,Trailing Stop
CELH,2021-03-01,21.81,1.0,2021-03-04,17.68,3,Trailing Stop
CELH,2021-06-28,24.6,1.0,2021-07-12,23.83,14,Rotated Out
CELH,2021-06-29,24.85,1.0,2021-07-13,23.92,14,Rotated Out
CELH,2021-08-09,25.59,1.0,2021-08-17,21.95,8,Trailing Stop
CELH,2022-07-14,24.95,1.0,2022-08-09,31.13,26,Trailing Stop
CELH,2022-07-25,27.72,1.0,2022-08-09,31.13,15,Trailing Stop
CELH,2022-07-27,28.0,1.0,2022-08-09,31.13,13,Trailing Stop
CELH,2022-09-08,34.99,1.0,2022-09-22,29.97,14,Trailing Stop
CELH,2022-09-12,35.79,1.0,2022-09-22,29.97,10,Trailing Stop
CELH,2022-09-14,34.66,1.0,2022-09-22,29.97,8,Trailing Stop
CELH,2022-09-16,33.57,1.0,2022-09-22,29.97,6,Trailing Stop
CELH,2022-09-19,35.35,1.0,2022-09-22,29.97,3,Trailing Stop
CELH,2023-06-13,49.83,1.0,2023-06-29,49.61,16,Rotated Out
CELH,2023-07-10,49.84,1.0,2023-07-24,47.8,14,Rotated Out
CELH,2023-07-17,50.64,1.0,2023-07-31,48.23,14,Rotated Out
CELH,2024-03-20,90.67,1.0,2024-04-02,78.89,13,Trailing Stop
CELH,2024-03-21,90.95,1.0,2024-04-02,78.89,12,Trailing Stop
CELH,2024-03-22,92.46,1.0,2024-04-02,78.89,11,Trailing Stop
CELH,2025-04-02,36.75,1.0,2025-05-22,35.65,50,Rotated Out
CELH,2025-04-11,37.29,1.0,2025-05-22,35.65,41,Rotated Out
CELH,2025-04-17,37.24,1.0,2025-05-22,35.65,35,Rotated Out
CELH,2025-04-21,36.09,1.0,2025-05-22,35.65,31,Rotated Out
CELH,2025-04-23,37.27,1.0,2025-05-22,35.65,29,Rotated Out
CELH,2025-04-28,35.93,1.0,2025-05-22,35.65,24,Rotated Out
CELH,2025-04-30,34.96,1.0,2025-05-28,34.93,28,Rotated Out
CELH,2025-05-01,34.87,1.0,2025-08-11,54.0,102,Take Profit
CENX,2020-08-04,9.57,1.0,2020-08-20,9.43,16,Trailing Stop
CENX,2020-08-06,10.56,1.0,2020-08-20,9.43,14,Trailing Stop
CENX,2020-08-07,10.53,1.0,2020-08-20,9.43,13,Trailing Stop
CENX,2020-08-18,9.65,1.0,2020-09-08,9.42,21,Rotated Out
CENX,2021-03-22,17.04,1.0,2021-04-05,16.16,14,Trailing Stop
CENX,2021-03-24,15.69,1.0,2021-04-05,16.16,12,Trailing Stop
CENX,2022-02-08,18.01,1.0,2022-03-03,28.45,23,Take Profit
CENX,2022-02-18,21.33,1.0,2022-03-08,25.77,18,Trailing Stop
CENX,2022-02-22,21.06,1.0,2022-03-08,25.77,14,Trailing Stop
CENX,2022-02-23,21.4,1.0,2022-03-08,25.77,13,Trailing Stop
CENX,2022-03-01,26.35,1.0,2022-03-08,25.77,7,Trailing Stop
CENX,2022-03-03,28.45,1.0,2022-03-08,25.77,5,Trailing Stop
CENX,2023-01-13,10.01,1.0,2023-03-09,11.33,55,Trailing Stop
CENX,2023-01-18,10.64,1.0,2023-02-06,10.55,19,Rotated Out
CENX,2023-01-23,10.63,1.0,2023-02-06,10.55,14,Rotated Out
CENX,2024-01-17,10.5,1.0,2024-02-05,10.34,19,Trailing Stop
CENX,2024-01-18,10.23,1.0,2024-02-05,10.34,18,Trailing Stop
CENX,2024-01-24,11.16,1.0,2024-02-05,10.34,12,Trailing Stop
CENX,2024-01-26,11.58,1.0,2024-02-05,10.34,10,Trailing Stop
CENX,2024-01-30,11.54,1.0,2024-02-13,9.97,14,Trailing Stop
CENX,2024-01-31,11.15,1.0,2024-02-14,10.45,14,Rotated Out
CENX,2024-04-15,17.75,1.0,2024-04-30,17.35,15,Rotated Out
CENX,2024-04-17,17.51,1.0,2024-05-01,16.01,14,Rotated Out
CENX,2024-04-18,17.42,1.0,2024-05-02,16.28,14,Rotated Out
CENX,2024-04-19,17.89,1.0,2024-05-03,16.81,14,Rotated Out
CENX,2024-05-20,18.88,1.0,2024-06-04,16.63,15,Trailing Stop
CENX,2024-05-24,17.95,1.0,2024-06-04,16.63,11,Trailing Stop
CENX,2024-06-03,17.71,1.0,2024-06-11,15.29,8,Trailing Stop
CENX,2024-06-04,16.63,1.0,2024-06-18,15.29,14,Rotated Out
CENX,2026-03-05,53.9,1.0,2026-03-19,49.65,14,Trailing Stop
CF,2026-03-12,136.0,1.0,2026-03-26,132.56,14,Rotated Out
CHRD,2020-07-16,0.45,1.0,2020-07-30,0.43,14,Rotated Out
CHRD,2020-12-11,24.08,1.0,2021-01-21,24.99,41,Trailing Stop
CHRD,2020-12-15,23.56,1.0,2021-01-21,24.99,37,Trailing Stop
CHRD,2020-12-28,23.37,1.0,2021-01-21,24.99,24,Trailing Stop
CHRD,2020-12-30,23.27,1.0,2021-01-21,24.99,22,Trailing Stop
CHRD,2021-01-04,24.37,1.0,2021-01-21,24.99,17,Trailing Stop
CHRD,2021-01-08,26.41,1.0,2021-01-21,24.99,13,Trailing Stop
CHRD,2021-01-21,24.99,1.0,2021-03-11,37.54,49,Take Profit
CHRD,2021-01-27,23.39,1.0,2021-02-24,35.84,28,Take Profit
CHRD,2021-02-03,26.14,1.0,2021-03-22,40.16,47,Take Profit
CHRD,2021-02-08,29.92,1.0,2021-04-16,45.24,67,Take Profit
CHRD,2021-03-23,38.21,1.0,2021-06-01,60.01,70,Take Profit
CHRD,2021-04-16,45.24,1.0,2021-05-14,45.22,28,Rotated Out
CHRD,2021-04-22,45.25,1.0,2021-05-14,45.22,22,Rotated Out
CHRD,2021-05-03,48.94,1.0,2021-05-17,46.85,14,Rotated Out
CHRD,2021-05-18,49.03,1.0,2021-07-16,58.11,59,Trailing Stop
CHRD,2021-06-01,60.01,1.0,2021-06-28,58.82,27,Rotated Out
CHRD,2021-06-02,58.18,1.0,2021-07-16,58.11,44,Trailing Stop
CHRD,2021-06-03,57.77,1.0,2021-07-16,58.11,43,Trailing Stop
CHRD,2021-06-07,58.22,1.0,2021-07-16,58.11,39,Trailing Stop
CHRD,2021-06-15,63.13,1.0,2021-07-15,59.82,30,Rotated Out
CHRD,2021-06-23,63.79,1.0,2021-07-15,59.82,22,Rotated Out
CHRD,2021-06-29,61.16,1.0,2021-07-15,59.82,16,Rotated Out
CHRD,2021-06-30,63.59,1.0,2021-07-15,59.82,15,Rotated Out
CHRD,2026-05-18,149.56,1.0,2026-06-01,138.0,14,Rotated Out
CHWY,2020-05-14,41.29,1.0,2020-06-29,45.15,46,Trailing Stop
CHWY,2022-08-04,43.23,1.0,2022-08-19,42.78,15,Trailing Stop
CHWY,2022-08-05,44.44,1.0,2022-08-19,42.78,14,Trailing Stop
CHWY,2022-08-09,45.93,1.0,2022-08-19,42.78,10,Trailing Stop
CHWY,2022-08-10,48.85,1.0,2022-08-19,42.78,9,Trailing Stop
CHWY,2022-08-19,42.78,1.0,2022-08-30,37.39,11,Trailing Stop
CHWY,2022-08-30,37.39,1.0,2022-09-02,32.75,3,Trailing Stop
CHWY,2024-06-24,26.95,1.0,2024-07-01,25.44,7,Trailing Stop
CHWY,2024-07-25,25.29,1.0,2024-08-07,22.22,13,Trailing Stop
CHWY,2024-07-26,25.04,1.0,2024-10-07,28.02,73,Trailing Stop
CHWY,2024-07-30,24.81,1.0,2024-10-07,28.02,69,Trailing Stop
CHWY,2024-08-05,22.36,1.0,2024-10-07,28.02,63,Trailing Stop
CHWY,2024-08-13,24.69,1.0,2024-10-07,28.02,55,Trailing Stop
CIEN,2025-10-10,155.94,1.0,2025-11-20,176.45,41,Trailing Stop
CIEN,2025-10-15,168.71,1.0,2025-11-20,176.45,36,Trailing Stop
CIEN,2025-10-16,170.78,1.0,2025-11-20,176.45,35,Trailing Stop
CIEN,2025-10-20,173.12,1.0,2025-11-20,176.45,31,Trailing Stop
CIEN,2025-10-21,169.71,1.0,2025-11-20,176.45,30,Trailing Stop
CIEN,2025-10-23,172.58,1.0,2025-11-20,176.45,28,Trailing Stop
CIEN,2025-11-20,176.45,1.0,2025-12-16,209.84,26,Trailing Stop
CIEN,2026-03-25,437.7,1.0,2026-03-30,365.0,5,Trailing Stop
CIEN,2026-04-30,527.58,1.0,2026-05-18,524.53,18,Rotated Out
CIEN,2026-05-12,577.15,1.0,2026-05-28,570.18,16,Rotated Out
CLF,2020-12-09,12.66,1.0,2021-01-21,16.32,43,Trailing Stop
CLF,2020-12-23,14.2,1.0,2021-01-21,16.32,29,Trailing Stop
CLF,2021-01-04,14.42,1.0,2021-01-21,16.32,17,Trailing Stop
CLF,2021-01-07,17.67,1.0,2021-01-21,16.32,14,Trailing Stop
CLF,2021-01-08,18.04,1.0,2021-01-21,16.32,13,Trailing Stop
CLF,2021-01-11,18.11,1.0,2021-01-21,16.32,10,Trailing Stop
CLF,2021-01-12,18.56,1.0,2021-01-21,16.32,9,Trailing Stop
CLF,2021-02-03,15.17,1.0,2021-02-25,14.41,22,Trailing Stop
CLF,2021-02-05,16.69,1.0,2021-02-25,14.41,20,Trailing Stop
CLF,2022-04-27,27.44,1.0,2022-05-06,24.12,9,Trailing Stop
CLF,2023-01-30,21.22,1.0,2023-02-13,20.11,14,Rotated Out
CLF,2025-08-26,10.54,1.0,2025-10-20,16.18,55,Take Profit
CLF,2025-08-28,10.88,1.0,2025-10-21,13.39,54,Trailing Stop
CLF,2025-08-29,10.75,1.0,2025-10-20,16.18,52,Take Profit
CLX,2020-03-16,145.27,1.0,2020-03-23,141.48,7,Trailing Stop
CNX,2020-05-18,10.45,1.0,2020-06-11,10.32,24,Trailing Stop
CNX,2020-05-20,10.18,1.0,2020-06-11,10.32,22,Trailing Stop
CNX,2020-05-26,10.32,1.0,2020-06-11,10.32,16,Trailing Stop
COHR,2024-02-06,58.0,1.0,2024-02-20,56.78,14,Rotated Out
COHR,2024-02-07,61.89,1.0,2024-02-26,58.57,19,Rotated Out
COIN,2023-09-11,80.62,1.0,2023-09-22,70.96,11,Trailing Stop
COIN,2023-11-21,105.49,1.0,2023-12-19,161.16,28,Take Profit
COIN,2023-11-22,109.25,1.0,2023-12-21,168.03,29,Take Profit
COIN,2023-11-24,115.54,1.0,2023-12-22,175.48,28,Take Profit
COIN,2023-11-28,128.27,1.0,2024-01-02,156.88,35,Trailing Stop
COIN,2023-11-29,127.82,1.0,2024-01-02,156.88,34,Trailing Stop
COIN,2023-11-30,124.72,1.0,2024-01-02,156.88,33,Trailing Stop
COIN,2023-12-01,133.76,1.0,2024-01-02,156.88,32,Trailing Stop
COIN,2023-12-06,134.63,1.0,2024-01-02,156.88,27,Trailing Stop
COIN,2023-12-07,136.19,1.0,2024-01-02,156.88,26,Trailing Stop
COIN,2023-12-11,138.02,1.0,2024-01-02,156.88,22,Trailing Stop
COIN,2023-12-14,153.63,1.0,2024-01-02,156.88,19,Trailing Stop
COIN,2023-12-21,168.03,1.0,2024-01-02,156.88,12,Trailing Stop
COIN,2023-12-22,175.48,1.0,2024-01-02,156.88,11,Trailing Stop
COIN,2023-12-26,172.05,1.0,2024-01-02,156.88,7,Trailing Stop
COIN,2024-01-09,151.99,1.0,2024-01-12,130.78,3,Trailing Stop
COIN,2024-01-11,141.16,1.0,2024-01-23,124.19,12,Trailing Stop
COIN,2024-01-16,133.88,1.0,2024-01-30,130.82,14,Rotated Out
COIN,2024-01-17,133.86,1.0,2024-01-31,128.2,14,Rotated Out
COIN,2024-04-15,223.41,1.0,2024-04-29,218.16,14,Rotated Out
COIN,2024-04-17,213.78,1.0,2024-04-30,203.93,13,Trailing Stop
COIN,2024-04-18,218.08,1.0,2024-04-30,203.93,12,Trailing Stop
COIN,2024-04-19,211.01,1.0,2024-04-30,203.93,11,Trailing Stop
COIN,2024-12-06,343.62,1.0,2024-12-18,279.86,12,Trailing Stop
COIN,2025-07-17,410.75,1.0,2025-08-01,314.69,15,Stop Loss
COIN,2025-07-22,404.44,1.0,2025-08-01,314.69,10,Stop Loss
COKE,2021-05-28,38.74,1.0,2021-06-18,38.22,21,Rotated Out
COKE,2021-06-01,40.04,1.0,2021-06-15,39.34,14,Rotated Out
COKE,2021-06-02,39.97,1.0,2021-06-16,39.11,14,Rotated Out
COKE,2021-07-16,39.67,1.0,2021-07-30,38.21,14,Rotated Out
COKE,2021-11-26,57.19,1.0,2021-12-10,51.44,14,Rotated Out
COKE,2021-12-02,55.78,1.0,2021-12-16,53.07,14,Rotated Out
COKE,2021-12-03,54.96,1.0,2021-12-17,52.2,14,Rotated Out
COKE,2021-12-20,56.6,1.0,2022-02-08,54.76,50,Rotated Out
COKE,2022-01-10,56.3,1.0,2022-02-08,54.76,29,Rotated Out
COKE,2022-01-11,57.28,1.0,2022-02-08,54.76,28,Rotated Out
COKE,2022-01-18,56.71,1.0,2022-02-08,54.76,21,Rotated Out
COKE,2022-01-19,55.22,1.0,2022-02-08,54.76,20,Rotated Out
COKE,2022-01-20,55.27,1.0,2022-02-08,54.76,19,Rotated Out
COKE,2024-08-02,125.97,1.0,2024-08-16,124.65,14,Rotated Out
CRC,2021-10-13,38.08,1.0,2021-11-18,38.06,36,Rotated Out
CRC,2021-10-20,39.97,1.0,2021-11-10,39.76,21,Rotated Out
CRK,2021-10-01,9.9,1.0,2021-10-13,8.88,12,Trailing Stop
CRK,2021-10-04,10.02,1.0,2021-10-13,8.88,9,Trailing Stop
CRK,2021-10-05,10.33,1.0,2021-10-13,8.88,8,Trailing Stop
CRK,2021-10-07,9.72,1.0,2021-10-14,8.73,7,Trailing Stop
CRK,2021-10-12,9.2,1.0,2021-11-01,9.16,20,Rotated Out
CRK,2021-10-13,8.88,1.0,2021-11-10,8.7,28,Trailing Stop
CRK,2021-11-04,8.95,1.0,2021-11-17,8.29,13,Trailing Stop
CRK,2021-11-09,9.62,1.0,2021-11-17,8.29,8,Trailing Stop
CRK,2021-11-11,9.17,1.0,2021-11-19,8.03,8,Trailing Stop
CRK,2022-04-13,15.54,1.0,2022-05-09,14.32,26,Trailing Stop
CRK,2022-04-14,15.82,1.0,2022-05-09,14.32,25,Trailing Stop
CRK,2022-04-21,15.96,1.0,2022-05-09,14.32,18,Trailing Stop
CRK,2022-04-26,15.34,1.0,2022-05-09,14.32,13,Trailing Stop
CRK,2022-05-09,14.32,1.0,2022-06-13,17.34,35,Trailing Stop
CRK,2022-06-10,19.02,1.0,2022-06-14,15.93,4,Trailing Stop
CRK,2022-06-15,16.1,1.0,2022-06-22,13.28,7,Trailing Stop
CRK,2022-06-16,15.48,1.0,2022-06-22,13.28,6,Trailing Stop
CRK,2022-06-17,14.3,1.0,2022-06-23,12.21,6,Trailing Stop
CRK,2022-10-05,18.18,1.0,2022-10-19,16.95,14,Rotated Out
CRK,2024-06-11,12.16,1.0,2024-06-25,11.16,14,Rotated Out
CRK,2025-01-08,19.62,1.0,2025-01-27,18.82,19,Trailing Stop
CRK,2025-01-14,20.86,1.0,2025-01-27,18.82,13,Trailing Stop
CRK,2025-03-04,19.14,1.0,2025-04-04,17.12,31,Trailing Stop
CRS,2024-05-02,99.19,1.0,2024-06-14,96.4,43,Trailing Stop
CRS,2024-05-28,111.57,1.0,2024-06-14,96.4,17,Trailing Stop
CRS,2024-05-31,110.09,1.0,2024-06-14,96.4,14,Trailing Stop
CRS,2024-06-14,96.4,1.0,2024-07-31,144.84,47,Take Profit
CRS,2024-06-18,99.81,1.0,2024-09-19,154.12,93,Take Profit
CRS,2024-06-25,101.39,1.0,2024-09-19,154.12,86,Take Profit
CRS,2024-06-26,105.35,1.0,2024-09-24,159.01,90,Take Profit
CRS,2024-06-28,108.81,1.0,2024-10-28,165.31,122,Take Profit
CRS,2024-09-19,154.12,1.0,2024-10-03,153.21,14,Rotated Out
CRS,2024-09-20,155.76,1.0,2024-10-15,155.29,25,Rotated Out
CRUS,2024-07-17,138.75,1.0,2024-08-01,121.13,15,Trailing Stop
CRUS,2024-07-22,138.39,1.0,2024-08-01,121.13,10,Trailing Stop
CRUS,2024-07-30,129.2,1.0,2024-08-02,114.73,3,Trailing Stop
CRUS,2024-07-31,130.48,1.0,2024-08-02,114.73,2,Trailing Stop
CRWD,2020-06-10,97.22,1.0,2020-07-15,103.15,35,Trailing Stop
CRWD,2020-06-11,95.04,1.0,2020-07-15,103.15,34,Trailing Stop
CRWD,2023-11-09,190.76,1.0,2024-01-16,286.29,68,Take Profit
CRWD,2023-11-10,196.31,1.0,2024-01-22,298.66,73,Take Profit
CRWD,2023-11-17,207.09,1.0,2024-02-07,317.78,82,Take Profit
CRWD,2023-11-27,210.07,1.0,2024-02-07,317.78,72,Take Profit
CRWD,2023-11-29,234.44,1.0,2024-02-21,292.36,84,Trailing Stop
CRWD,2023-11-30,236.99,1.0,2024-02-21,292.36,83,Trailing Stop
CRWD,2023-12-06,239.42,1.0,2024-02-21,292.36,77,Trailing Stop
CRWD,2023-12-11,246.97,1.0,2024-01-02,246.89,22,Rotated Out
CTRA,2020-04-21,15.97,1.0,2020-05-05,15.48,14,Rotated Out
CVNA,2020-08-27,208.01,1.0,2020-09-03,198.51,7,Trailing Stop
CVNA,2020-08-28,218.44,1.0,2020-09-03,198.51,6,Trailing Stop
CVNA,2020-08-31,215.96,1.0,2020-09-03,198.51,3,Trailing Stop
CVNA,2020-09-03,198.51,1.0,2020-09-11,174.24,8,Trailing Stop
CVNA,2021-08-16,361.5,1.0,2021-08-30,337.76,14,Rotated Out
CVNA,2023-08-21,40.34,1.0,2023-09-19,47.5,29,Trailing Stop
CVNA,2023-08-22,38.37,1.0,2023-09-19,47.5,28,Trailing Stop
CVNA,2023-10-04,37.63,1.0,2023-10-12,33.87,8,Trailing Stop
CVNA,2024-04-08,82.67,1.0,2024-04-15,69.83,7,Trailing Stop
CVNA,2024-04-16,70.64,1.0,2024-05-02,116.5,16,Take Profit
CVNA,2024-04-29,83.76,1.0,2024-05-28,104.59,29,Trailing Stop
CVNA,2024-04-30,82.92,1.0,2024-05-28,104.59,28,Trailing Stop
CVNA,2024-06-25,128.58,1.0,2024-07-24,123.42,29,Trailing Stop
CVNA,2024-06-27,132.88,1.0,2024-07-22,128.89,25,Rotated Out
CVNA,2024-06-28,128.72,1.0,2024-07-24,123.42,26,Trailing Stop
CVNA,2024-07-17,133.75,1.0,2024-07-31,133.23,14,Rotated Out
CVNA,2024-07-23,129.11,1.0,2024-08-07,128.64,15,Trailing Stop
CVNA,2024-07-24,123.42,1.0,2024-08-07,128.64,14,Trailing Stop
CVNA,2025-06-10,338.5,1.0,2025-06-13,297.03,3,Trailing Stop
CVNA,2025-06-11,340.32,1.0,2025-06-13,297.03,2,Trailing Stop
CVNA,2025-06-12,318.95,1.0,2025-06-26,306.48,14,Rotated Out
CVNA,2025-06-16,290.05,1.0,2025-08-14,342.59,59,Trailing Stop
CVS,2025-03-12,62.46,1.0,2025-05-13,58.88,62,Trailing Stop
CVS,2025-03-13,63.33,1.0,2025-04-28,63.19,46,Rotated Out
CVS,2025-03-20,66.12,1.0,2025-04-23,63.81,34,Rotated Out
CYTK,2020-02-06,14.1,1.0,2020-02-26,14.07,20,Trailing Stop
CYTK,2020-02-18,16.3,1.0,2020-02-26,14.07,8,Trailing Stop
CYTK,2020-02-26,14.07,1.0,2020-03-09,13.32,12,Trailing Stop
CYTK,2020-02-27,13.94,1.0,2020-03-09,13.32,11,Trailing Stop
CYTK,2020-02-28,13.94,1.0,2020-03-09,13.32,10,Trailing Stop
CYTK,2020-03-03,14.57,1.0,2020-03-09,13.32,6,Trailing Stop
CYTK,2020-03-09,13.32,1.0,2020-03-12,10.44,3,Stop Loss
CYTK,2021-09-28,34.12,1.0,2021-12-03,35.5,66,Trailing Stop
CYTK,2021-09-29,33.59,1.0,2021-12-03,35.5,65,Trailing Stop
CYTK,2021-10-12,36.71,1.0,2021-10-26,35.85,14,Rotated Out
CYTK,2021-10-13,37.98,1.0,2021-10-27,34.95,14,Rotated Out
CYTK,2024-02-05,80.16,1.0,2024-03-04,67.68,28,Trailing Stop
CYTK,2024-02-06,80.16,1.0,2024-03-04,67.68,27,Trailing Stop
CYTK,2024-02-07,77.12,1.0,2024-03-04,67.68,26,Trailing Stop
CYTK,2024-02-16,76.89,1.0,2024-03-04,67.68,17,Trailing Stop
CYTK,2024-02-21,76.5,1.0,2024-03-04,67.68,12,Trailing Stop
CYTK,2024-02-23,78.02,1.0,2024-03-04,67.68,10,Trailing Stop
CYTK,2024-02-26,79.0,1.0,2024-03-04,67.68,7,Trailing Stop
CYTK,2024-03-04,67.68,1.0,2024-03-20,67.36,16,Rotated Out
CYTK,2024-03-06,66.88,1.0,2024-03-21,66.03,15,Rotated Out
CYTK,2025-11-24,67.21,1.0,2025-12-08,64.13,14,Rotated Out
DAR,2020-11-02,43.84,1.0,2021-01-07,66.4,66,Take Profit
DASH,2021-08-10,190.16,1.0,2021-08-24,187.45,14,Rotated Out
DASH,2021-08-11,190.56,1.0,2021-08-25,188.25,14,Rotated Out
DDOG,2020-07-06,88.96,1.0,2020-07-23,85.22,17,Rotated Out
DDOG,2020-07-10,96.41,1.0,2020-07-24,84.84,14,Trailing Stop
DDOG,2021-08-09,130.0,1.0,2021-11-09,196.56,92,Take Profit
DDOG,2021-08-11,128.21,1.0,2021-11-09,196.56,90,Take Profit
DDOG,2021-08-13,135.49,1.0,2021-08-27,134.84,14,Rotated Out
DDOG,2021-08-16,133.52,1.0,2021-12-01,164.53,107,Trailing Stop
DDOG,2021-08-17,133.0,1.0,2021-12-01,164.53,106,Trailing Stop
DELL,2023-10-27,63.52,1.0,2024-02-26,89.73,122,Time Stop
DELL,2023-10-31,64.43,1.0,2024-02-28,90.2,120,Time Stop
DELL,2024-05-24,155.54,1.0,2024-05-31,135.52,7,Trailing Stop
DELL,2024-05-28,161.27,1.0,2024-05-31,135.52,3,Trailing Stop
DG,2025-04-04,90.62,1.0,2025-05-01,89.17,27,Rotated Out
DG,2025-04-17,91.65,1.0,2025-05-01,89.17,14,Rotated Out
DINO,2022-07-11,39.72,1.0,2022-07-25,39.41,14,Rotated Out
DLTR,2021-11-24,146.61,1.0,2021-12-28,139.29,34,Rotated Out
DLTR,2021-11-26,141.11,1.0,2021-12-28,139.29,32,Rotated Out
DLTR,2021-11-29,141.35,1.0,2021-12-28,139.29,29,Rotated Out
DLTR,2021-12-03,137.04,1.0,2022-01-10,135.74,38,Rotated Out
DLTR,2021-12-06,137.81,1.0,2022-01-10,135.74,35,Rotated Out
DLTR,2021-12-13,140.88,1.0,2021-12-28,139.29,15,Rotated Out
DLTR,2021-12-14,139.24,1.0,2022-01-10,135.74,27,Rotated Out
DOCN,2021-09-08,67.71,1.0,2021-11-04,105.32,57,Take Profit
DOCN,2021-09-09,69.08,1.0,2021-11-04,105.32,56,Take Profit
DOCN,2021-09-13,75.69,1.0,2021-11-09,116.63,57,Take Profit
DOCN,2021-09-16,86.6,1.0,2021-09-30,77.63,14,Rotated Out
DOCN,2021-10-07,85.19,1.0,2021-11-16,130.26,40,Take Profit
DOCN,2021-10-12,85.86,1.0,2021-11-16,130.26,35,Take Profit
DOCN,2021-10-13,91.09,1.0,2021-11-22,102.82,40,Trailing Stop
DOCN,2021-10-20,90.35,1.0,2021-11-22,102.82,33,Trailing Stop
DOCN,2021-10-25,95.55,1.0,2021-11-22,102.82,28,Trailing Stop
DOCN,2021-11-04,105.32,1.0,2021-11-22,102.82,18,Trailing Stop
DOCN,2021-11-09,116.63,1.0,2021-11-22,102.82,13,Trailing Stop
DOCN,2023-12-26,37.84,1.0,2024-01-09,36.54,14,Rotated Out
DOCN,2024-01-30,35.27,1.0,2024-02-21,35.85,22,Trailing Stop
DOCN,2026-03-19,85.35,1.0,2026-04-10,75.59,22,Trailing Stop
DOCN,2026-03-23,86.02,1.0,2026-04-10,75.59,18,Trailing Stop
DOCN,2026-04-02,90.01,1.0,2026-04-10,75.59,8,Trailing Stop
DOCN,2026-04-08,89.38,1.0,2026-04-10,75.59,2,Trailing Stop
DOCN,2026-04-09,87.17,1.0,2026-04-10,75.59,1,Trailing Stop
DOCU,2020-04-24,105.07,1.0,2020-06-15,162.69,52,Take Profit
DOCU,2020-05-26,128.95,1.0,2020-07-07,197.75,42,Take Profit
DOCU,2021-07-20,301.27,1.0,2021-08-03,292.66,14,Rotated Out
DOCU,2021-07-23,308.5,1.0,2021-08-09,306.5,17,Rotated Out
DOCU,2023-02-07,66.18,1.0,2023-02-21,59.61,14,Rotated Out
DOCU,2023-03-07,64.92,1.0,2023-03-10,49.69,3,Stop Loss
DOCU,2023-03-08,65.66,1.0,2023-03-10,49.69,2,Stop Loss
DOW,2026-03-30,41.87,1.0,2026-04-13,40.11,14,Rotated Out
DOW,2026-03-31,41.65,1.0,2026-04-14,39.16,14,Rotated Out
DUOL,2023-03-22,136.12,1.0,2023-05-02,125.17,41,Trailing Stop
DUOL,2023-03-23,135.13,1.0,2023-05-02,125.17,40,Trailing Stop
DUOL,2023-03-24,136.51,1.0,2023-05-02,125.17,39,Trailing Stop
DUOL,2023-03-27,136.6,1.0,2023-05-02,125.17,36,Trailing Stop
DUOL,2023-03-29,136.99,1.0,2023-05-02,125.17,34,Trailing Stop
DUOL,2023-03-31,142.59,1.0,2023-05-02,125.17,32,Trailing Stop
DUOL,2023-04-05,136.63,1.0,2023-05-02,125.17,27,Rotated Out
DUOL,2023-04-24,141.04,1.0,2023-05-03,120.61,9,Trailing Stop
DUOL,2023-05-09,134.3,1.0,2023-06-21,142.3,43,Trailing Stop
DUOL,2023-05-16,143.59,1.0,2023-06-21,142.3,36,Trailing Stop
DUOL,2023-05-22,155.79,1.0,2023-06-07,152.39,16,Rotated Out
DUOL,2023-05-26,149.14,1.0,2023-06-21,142.3,26,Trailing Stop
DUOL,2023-11-30,212.29,1.0,2024-01-03,206.26,34,Trailing Stop
DUOL,2024-10-29,294.81,1.0,2024-12-30,325.2,62,Trailing Stop
DUOL,2025-05-29,513.39,1.0,2025-06-16,474.9,18,Rotated Out
DVN,2021-12-01,32.84,1.0,2021-12-15,32.77,14,Rotated Out
DVN,2021-12-03,33.59,1.0,2021-12-17,32.13,14,Rotated Out
DVN,2021-12-06,34.07,1.0,2021-12-20,31.36,14,Trailing Stop
DVN,2021-12-07,36.29,1.0,2021-12-20,31.36,13,Trailing Stop
DVN,2021-12-08,36.12,1.0,2021-12-20,31.36,12,Trailing Stop
DVN,2021-12-13,33.65,1.0,2022-03-21,51.2,98,Take Profit
DXCM,2020-01-31,60.19,1.0,2020-03-11,63.1,40,Trailing Stop
DXCM,2020-03-11,63.1,1.0,2020-03-16,50.58,5,Trailing Stop
DXCM,2020-04-24,83.11,1.0,2020-05-27,89.91,33,Trailing Stop
DXCM,2020-05-08,101.38,1.0,2020-05-22,101.31,14,Rotated Out
DXCM,2021-08-18,127.39,1.0,2021-11-29,142.75,103,Trailing Stop
DY,2020-11-06,70.39,1.0,2020-11-24,65.71,18,Trailing Stop
EAT,2020-09-08,44.13,1.0,2020-10-26,43.91,48,Rotated Out
EAT,2020-09-23,43.65,1.0,2020-10-27,43.21,34,Rotated Out
EAT,2020-09-24,46.12,1.0,2020-10-22,46.09,28,Rotated Out
EAT,2020-09-25,44.93,1.0,2020-10-23,44.75,28,Rotated Out
EAT,2020-11-06,45.48,1.0,2021-01-27,55.28,82,Trailing Stop
EAT,2024-06-20,71.45,1.0,2024-07-08,70.12,18,Rotated Out
EAT,2024-06-21,71.25,1.0,2024-07-08,70.12,17,Rotated Out
EAT,2024-06-25,74.18,1.0,2024-07-09,66.22,14,Rotated Out
EAT,2024-06-27,74.44,1.0,2024-07-11,65.21,14,Trailing Stop
EAT,2024-11-13,118.65,1.0,2025-01-29,179.79,77,Take Profit
EAT,2024-11-14,116.49,1.0,2025-01-29,179.79,76,Take Profit
EAT,2024-12-19,131.33,1.0,2025-02-11,164.23,54,Trailing Stop
EAT,2024-12-27,132.47,1.0,2025-02-11,164.23,46,Trailing Stop
EAT,2024-12-31,132.29,1.0,2025-02-11,164.23,42,Trailing Stop
EAT,2025-01-07,136.79,1.0,2025-02-11,164.23,35,Trailing Stop
ECG,2026-04-30,147.43,1.0,2026-05-18,148.45,18,Trailing Stop
ELAN,2023-08-28,12.19,1.0,2023-09-11,11.78,14,Rotated Out
ELAN,2024-01-12,15.55,1.0,2024-01-26,15.18,14,Rotated Out
ELF,2022-07-07,31.94,1.0,2022-11-03,48.09,119,Take Profit
ELF,2022-07-11,31.18,1.0,2022-11-03,48.09,115,Take Profit
ELF,2022-07-12,31.19,1.0,2022-11-03,48.09,114,Take Profit
ELF,2022-07-20,33.32,1.0,2022-11-07,50.12,110,Take Profit
ELF,2022-07-22,32.92,1.0,2022-11-07,50.12,108,Take Profit
ELF,2022-07-25,33.08,1.0,2022-11-07,50.12,105,Take Profit
ELF,2022-07-26,32.34,1.0,2022-11-04,48.64,101,Take Profit
ELF,2022-07-27,32.71,1.0,2022-11-07,50.12,103,Take Profit
ELF,2022-08-01,33.89,1.0,2022-11-10,51.57,101,Take Profit
ELF,2023-04-12,85.61,1.0,2023-05-23,85.01,41,Trailing Stop
ELF,2023-04-24,94.84,1.0,2023-05-08,90.01,14,Rotated Out
ELF,2023-05-02,91.74,1.0,2023-05-16,89.07,14,Rotated Out
ELF,2024-01-31,159.53,1.0,2024-03-19,190.67,48,Trailing Stop
ELF,2024-02-06,173.32,1.0,2024-02-20,171.37,14,Rotated Out
ELF,2024-02-26,199.61,1.0,2024-03-11,193.98,14,Rotated Out
ELF,2024-03-01,217.4,1.0,2024-03-15,199.37,14,Rotated Out
ELF,2025-06-18,122.24,1.0,2025-07-11,109.98,23,Trailing Stop
ELF,2025-06-20,119.85,1.0,2025-07-11,109.98,21,Trailing Stop
ELF,2025-06-26,124.89,1.0,2025-07-11,109.98,15,Trailing Stop
ELF,2025-07-17,110.9,1.0,2025-08-05,109.84,19,Rotated Out
ELF,2025-07-24,119.22,1.0,2025-08-07,99.92,14,Trailing Stop
EME,2024-04-30,355.82,1.0,2024-07-02,355.51,63,Rotated Out
ENPH,2020-01-29,32.56,1.0,2020-02-19,57.22,21,Take Profit
ENPH,2020-02-18,40.17,1.0,2020-02-25,50.9,7,Trailing Stop
ENPH,2020-09-15,72.16,1.0,2020-10-09,109.18,24,Take Profit
ENPH,2020-10-08,105.5,1.0,2020-10-21,101.53,13,Trailing Stop
ENPH,2020-10-09,109.18,1.0,2020-10-21,101.53,12,Trailing Stop
ENPH,2020-10-26,103.67,1.0,2020-12-15,160.46,50,Take Profit
ENPH,2020-10-27,98.63,1.0,2020-12-15,160.46,49,Take Profit
ENPH,2020-10-28,102.81,1.0,2020-12-15,160.46,48,Take Profit
ENPH,2020-11-25,139.07,1.0,2020-12-09,127.26,14,Rotated Out
ENPH,2020-12-15,160.46,1.0,2021-01-26,187.34,42,Trailing Stop
ENPH,2020-12-18,164.41,1.0,2021-01-26,187.34,39,Trailing Stop
ENPH,2022-07-20,218.83,1.0,2022-09-23,279.49,65,Trailing Stop
ENPH,2022-07-21,219.78,1.0,2022-09-23,279.49,64,Trailing Stop
ENPH,2022-07-22,211.54,1.0,2022-09-08,317.41,48,Take Profit
ENPH,2022-07-25,218.55,1.0,2022-09-23,279.49,60,Trailing Stop
ENPH,2022-09-12,308.93,1.0,2022-09-23,279.49,11,Trailing Stop
ENPH,2022-09-19,316.23,1.0,2022-09-26,274.92,7,Trailing Stop
ENPH,2022-09-23,279.49,1.0,2022-10-07,255.15,14,Trailing Stop
ENPH,2022-09-26,274.92,1.0,2022-10-07,255.15,11,Trailing Stop
ENPH,2022-09-27,284.81,1.0,2022-10-07,255.15,10,Trailing Stop
EPAM,2022-06-02,347.74,1.0,2022-06-10,303.49,8,Trailing Stop
EPAM,2022-06-09,316.6,1.0,2022-06-14,278.36,5,Trailing Stop
EPAM,2022-06-10,303.49,1.0,2022-06-30,294.78,20,Rotated Out
EQT,2020-05-13,11.65,1.0,2020-06-01,12.06,19,Trailing Stop
EQT,2020-05-14,11.75,1.0,2020-06-01,12.06,18,Trailing Stop
EQT,2020-05-26,13.82,1.0,2020-06-01,12.06,6,Trailing Stop
EQT,2020-06-01,12.06,1.0,2020-06-11,13.74,10,Trailing Stop
EQT,2022-04-06,35.16,1.0,2022-04-22,37.44,16,Trailing Stop
EQT,2022-04-21,39.61,1.0,2022-05-09,34.43,18,Trailing Stop
EQT,2022-04-22,37.44,1.0,2022-05-09,34.43,17,Trailing Stop
EQT,2022-04-25,37.4,1.0,2022-05-09,34.43,14,Trailing Stop
EQT,2022-04-26,36.69,1.0,2022-05-09,34.43,13,Trailing Stop
EQT,2022-05-05,39.49,1.0,2022-05-09,34.43,4,Trailing Stop
EQT,2022-05-09,34.43,1.0,2022-06-14,38.6,36,Trailing Stop
EQT,2022-06-02,46.2,1.0,2022-06-14,38.6,12,Trailing Stop
EQT,2022-06-14,38.6,1.0,2022-06-17,33.98,3,Trailing Stop
ERIE,2023-09-25,284.87,1.0,2023-10-27,264.35,32,Trailing Stop
ERIE,2023-09-26,284.37,1.0,2023-10-27,264.35,31,Trailing Stop
ERIE,2023-10-06,293.71,1.0,2023-10-27,264.35,21,Trailing Stop
ERIE,2023-10-09,296.89,1.0,2023-10-27,264.35,18,Trailing Stop
ERIE,2023-10-12,295.82,1.0,2023-10-27,264.35,15,Trailing Stop
ERIE,2023-10-25,284.74,1.0,2023-11-08,270.11,14,Rotated Out
ERIE,2023-10-27,264.35,1.0,2024-02-26,344.14,122,Time Stop
ERIE,2024-09-06,494.95,1.0,2024-10-17,473.33,41,Rotated Out
ETSY,2020-02-27,57.92,1.0,2020-03-11,50.23,13,Trailing Stop
ETSY,2020-02-28,57.81,1.0,2020-03-11,50.23,12,Trailing Stop
ETSY,2020-03-03,58.21,1.0,2020-03-11,50.23,8,Trailing Stop
ETSY,2020-03-09,58.5,1.0,2020-03-11,50.23,2,Trailing Stop
ETSY,2020-05-06,78.24,1.0,2020-05-20,75.29,14,Trailing Stop
ETSY,2020-05-08,80.71,1.0,2020-05-20,75.29,12,Trailing Stop
ETSY,2020-05-12,79.02,1.0,2020-05-20,75.29,8,Trailing Stop
ETSY,2020-05-14,81.63,1.0,2020-05-20,75.29,6,Trailing Stop
ETSY,2020-06-29,102.89,1.0,2020-07-15,101.97,16,Rotated Out
F,2021-11-15,14.91,1.0,2021-12-20,14.65,35,Rotated Out
F,2021-11-22,15.45,1.0,2021-12-17,14.91,25,Rotated Out
F,2021-11-24,15.28,1.0,2021-12-17,14.91,23,Rotated Out
F,2021-12-01,14.77,1.0,2021-12-20,14.65,19,Rotated Out
F,2021-12-02,14.99,1.0,2021-12-17,14.91,15,Rotated Out
F,2021-12-03,14.44,1.0,2022-01-20,16.33,48,Trailing Stop
F,2021-12-06,14.5,1.0,2022-01-20,16.33,45,Trailing Stop
F,2021-12-13,15.41,1.0,2022-01-20,16.33,38,Trailing Stop
F,2021-12-14,15.13,1.0,2022-01-20,16.33,37,Trailing Stop
F,2022-01-04,18.34,1.0,2022-01-20,16.33,16,Trailing Stop
F,2022-01-05,17.85,1.0,2022-01-20,16.33,15,Trailing Stop
F,2022-01-07,18.44,1.0,2022-01-20,16.33,13,Trailing Stop
F,2022-01-10,17.99,1.0,2022-01-20,16.33,10,Trailing Stop
F,2022-01-11,18.37,1.0,2022-01-20,16.33,9,Trailing Stop
F,2022-01-18,18.39,1.0,2022-01-21,15.58,3,Trailing Stop
F,2022-01-20,16.33,1.0,2022-02-03,15.08,14,Rotated Out
F,2022-01-21,15.58,1.0,2022-02-04,13.62,14,Trailing Stop
FANG,2021-01-26,48.26,1.0,2021-03-23,58.73,56,Trailing Stop
FANG,2021-02-03,51.47,1.0,2021-03-23,58.73,48,Trailing Stop
FDX,2020-09-08,200.35,1.0,2020-12-28,238.85,111,Trailing Stop
FDX,2020-09-11,210.99,1.0,2020-12-28,238.85,108,Trailing Stop
FDX,2020-09-14,214.2,1.0,2020-12-28,238.85,105,Trailing Stop
FDX,2020-09-18,220.04,1.0,2020-12-28,238.85,101,Trailing Stop
FDX,2020-09-21,216.38,1.0,2020-12-28,238.85,98,Trailing Stop
FDX,2020-09-22,220.62,1.0,2020-12-28,238.85,97,Trailing Stop
FDX,2020-09-23,218.81,1.0,2020-12-28,238.85,96,Trailing Stop
FDX,2020-09-24,221.35,1.0,2020-12-28,238.85,95,Trailing Stop
FDX,2020-09-25,226.74,1.0,2020-12-28,238.85,94,Trailing Stop
FDX,2020-11-02,241.97,1.0,2020-12-28,238.85,56,Trailing Stop
FICO,2022-02-02,504.66,1.0,2022-02-18,498.2,16,Rotated Out
FICO,2022-02-03,495.22,1.0,2022-02-23,454.8,20,Trailing Stop
FICO,2022-02-04,502.06,1.0,2022-02-18,498.2,14,Rotated Out
FICO,2022-02-09,523.43,1.0,2022-02-23,454.8,14,Trailing Stop
FICO,2022-02-11,516.62,1.0,2022-02-23,454.8,12,Trailing Stop
FICO,2023-01-20,649.18,1.0,2023-05-22,776.73,122,Time Stop
FIVE,2025-06-13,121.83,1.0,2025-10-13,151.18,122,Time Stop
FIVE,2025-06-16,126.47,1.0,2025-10-14,150.0,120,Time Stop
FIVE,2025-06-17,123.84,1.0,2025-10-15,152.58,120,Time Stop
FLG,2025-03-19,12.26,1.0,2025-04-02,11.42,14,Rotated Out
FLG,2025-03-20,12.08,1.0,2025-04-03,10.76,14,Trailing Stop
FLG,2025-03-21,12.11,1.0,2025-04-03,10.76,13,Trailing Stop
FLR,2020-11-24,17.8,1.0,2020-12-11,16.77,17,Rotated Out
FLR,2021-12-06,23.33,1.0,2022-01-10,23.21,35,Rotated Out
FLR,2021-12-14,24.43,1.0,2022-01-05,24.07,22,Rotated Out
FLR,2021-12-15,24.37,1.0,2022-01-05,24.07,21,Rotated Out
FLR,2021-12-17,24.33,1.0,2022-01-05,24.07,19,Rotated Out
FLR,2021-12-20,23.55,1.0,2022-01-10,23.21,21,Rotated Out
FN,2023-10-06,175.76,1.0,2023-10-20,160.73,14,Rotated Out
FN,2023-10-09,175.55,1.0,2023-10-23,162.94,14,Rotated Out
FN,2023-10-12,178.78,1.0,2023-10-26,153.26,14,Trailing Stop
FN,2023-10-24,164.68,1.0,2023-11-27,163.49,34,Rotated Out
FN,2023-10-31,155.0,1.0,2024-02-06,182.43,98,Trailing Stop
FN,2023-11-03,162.52,1.0,2023-11-30,161.9,27,Rotated Out
FN,2023-11-08,171.93,1.0,2023-11-22,165.63,14,Rotated Out
FN,2023-11-10,167.64,1.0,2023-11-24,165.08,14,Rotated Out
FN,2023-11-17,171.23,1.0,2023-12-01,165.0,14,Rotated Out
FORM,2025-12-03,57.26,1.0,2025-12-17,53.83,14,Rotated Out
FORM,2025-12-08,58.33,1.0,2025-12-22,57.93,14,Rotated Out
FORM,2025-12-09,58.28,1.0,2025-12-23,58.16,14,Rotated Out
FORM,2025-12-12,55.44,1.0,2026-01-21,83.46,40,Take Profit
FORM,2025-12-16,55.98,1.0,2025-12-31,55.78,15,Rotated Out
FORM,2026-01-16,78.31,1.0,2026-01-23,73.2,7,Trailing Stop
FORM,2026-01-20,79.4,1.0,2026-01-23,73.2,3,Trailing Stop
FORM,2026-01-21,83.46,1.0,2026-01-23,73.2,2,Trailing Stop
FORM,2026-03-25,108.07,1.0,2026-03-30,91.41,5,Trailing Stop
FORM,2026-04-17,137.21,1.0,2026-04-28,134.18,11,Trailing Stop
FOUR,2022-10-10,46.32,1.0,2022-10-24,44.16,14,Rotated Out
FOUR,2022-10-11,45.76,1.0,2022-10-25,44.35,14,Rotated Out
FOUR,2023-02-06,65.78,1.0,2023-02-17,57.84,11,Trailing Stop
FSLR,2022-08-09,109.01,1.0,2022-10-14,123.36,66,Trailing Stop
FSLR,2022-08-18,117.82,1.0,2022-10-14,123.36,57,Trailing Stop
FSLR,2022-08-19,115.41,1.0,2022-10-14,123.36,56,Trailing Stop
FSLR,2022-09-12,136.79,1.0,2022-10-14,123.36,32,Trailing Stop
FSLR,2022-09-19,137.04,1.0,2022-10-14,123.36,25,Trailing Stop
FSLR,2022-10-10,131.06,1.0,2022-12-09,150.96,60,Trailing Stop
FSLR,2022-10-12,126.88,1.0,2022-12-09,150.96,58,Trailing Stop
FSLR,2022-10-14,123.36,1.0,2022-12-09,150.96,56,Trailing Stop
FSLR,2022-10-17,118.28,1.0,2022-12-09,150.96,53,Trailing Stop
FSLR,2022-10-25,127.15,1.0,2022-12-09,150.96,45,Trailing Stop
FSLR,2024-06-13,291.56,1.0,2024-06-26,247.93,13,Trailing Stop
FSLR,2024-06-14,273.61,1.0,2024-06-28,225.46,14,Trailing Stop
FSLR,2024-06-26,247.93,1.0,2024-07-02,216.73,6,Trailing Stop
FTI,2022-10-07,9.25,1.0,2022-12-09,10.94,63,Trailing Stop
FTI,2022-10-10,9.03,1.0,2022-12-09,10.94,60,Trailing Stop
FTI,2022-10-11,9.16,1.0,2022-12-09,10.94,59,Trailing Stop
FTI,2022-10-17,9.28,1.0,2022-12-09,10.94,53,Trailing Stop
FTI,2022-10-20,10.18,1.0,2022-12-09,10.94,50,Trailing Stop
FTI,2022-10-25,10.48,1.0,2022-12-09,10.94,45,Trailing Stop
GAP,2020-08-17,12.69,1.0,2020-11-10,19.25,85,Take Profit
GAP,2020-08-18,12.34,1.0,2020-11-09,19.02,83,Take Profit
GAP,2020-09-23,13.65,1.0,2020-11-23,21.49,61,Take Profit
GAP,2020-11-16,19.92,1.0,2020-11-25,17.81,9,Trailing Stop
GAP,2020-11-18,19.52,1.0,2020-11-25,17.81,7,Trailing Stop
GAP,2021-04-15,27.41,1.0,2021-05-12,26.99,27,Rotated Out
GAP,2021-04-19,26.94,1.0,2021-06-03,26.29,45,Trailing Stop
GAP,2021-04-22,27.63,1.0,2021-05-12,26.99,20,Rotated Out
GAP,2021-05-03,29.49,1.0,2021-05-20,27.09,17,Rotated Out
GAP,2021-05-14,29.69,1.0,2021-05-28,27.81,14,Rotated Out
GAP,2021-05-18,29.08,1.0,2021-06-01,27.53,14,Rotated Out
GAP,2022-11-23,13.03,1.0,2022-12-15,11.58,22,Trailing Stop
GAP,2022-11-29,12.9,1.0,2022-12-15,11.58,16,Trailing Stop
GAP,2022-11-30,12.85,1.0,2022-12-15,11.58,15,Trailing Stop
GAP,2022-12-09,12.29,1.0,2022-12-20,10.76,11,Trailing Stop
GAP,2022-12-12,12.35,1.0,2022-12-20,10.76,8,Trailing Stop
GAP,2022-12-13,12.29,1.0,2022-12-20,10.76,7,Trailing Stop
GAP,2022-12-15,11.58,1.0,2022-12-27,10.16,12,Trailing Stop
GAP,2022-12-16,11.45,1.0,2022-12-28,9.98,12,Trailing Stop
GAP,2023-10-20,11.1,1.0,2023-11-17,16.74,28,Take Profit
GAP,2023-10-23,11.1,1.0,2023-11-17,16.74,25,Take Profit
GAP,2023-10-25,12.25,1.0,2023-11-29,18.9,35,Take Profit
GAP,2023-11-15,13.19,1.0,2023-12-07,20.04,22,Take Profit
GAP,2023-12-08,20.33,1.0,2024-01-18,17.5,41,Trailing Stop
GAP,2023-12-11,20.56,1.0,2024-01-18,17.5,38,Trailing Stop
GAP,2023-12-14,19.97,1.0,2024-01-18,17.5,35,Trailing Stop
GAP,2023-12-15,19.98,1.0,2024-01-18,17.5,34,Trailing Stop
GAP,2023-12-19,20.25,1.0,2024-01-18,17.5,30,Trailing Stop
GAP,2023-12-26,20.1,1.0,2024-01-18,17.5,23,Trailing Stop
GAP,2024-01-02,19.73,1.0,2024-01-18,17.5,16,Trailing Stop
GDDY,2023-12-11,105.33,1.0,2024-01-02,103.0,22,Rotated Out
GE,2023-03-10,71.59,1.0,2023-07-10,87.02,122,Time Stop
GE,2023-03-13,69.99,1.0,2023-07-11,87.56,120,Time Stop
GE,2023-03-15,70.62,1.0,2023-07-13,87.61,120,Time Stop
GEN,2020-02-28,16.75,1.0,2020-03-09,15.13,10,Trailing Stop
GEN,2020-03-12,15.19,1.0,2020-06-12,17.57,92,Trailing Stop
GEN,2020-03-30,16.81,1.0,2020-04-14,16.79,15,Rotated Out
GEV,2024-11-07,335.74,1.0,2024-11-25,327.96,18,Rotated Out
GEV,2024-11-08,340.12,1.0,2024-11-25,327.96,17,Rotated Out
GEV,2025-05-28,484.24,1.0,2025-06-11,482.7,14,Rotated Out
GEV,2025-08-06,663.78,1.0,2025-08-20,603.89,14,Rotated Out
GEV,2026-04-28,1088.93,1.0,2026-05-12,1071.98,14,Rotated Out
GILD,2020-03-23,58.12,1.0,2020-05-19,57.91,57,Trailing Stop
GILD,2020-03-30,60.78,1.0,2020-04-13,60.26,14,Rotated Out
GILD,2025-03-06,112.88,1.0,2025-03-20,103.71,14,Rotated Out
GILD,2025-03-07,114.22,1.0,2025-03-21,104.9,14,Rotated Out
GILD,2025-03-10,114.02,1.0,2025-03-24,104.57,14,Rotated Out
GKOS,2020-11-12,65.13,1.0,2021-03-04,83.73,112,Trailing Stop
GKOS,2020-11-16,66.06,1.0,2021-03-04,83.73,108,Trailing Stop
GKOS,2020-11-18,66.64,1.0,2021-03-04,83.73,106,Trailing Stop
GLW,2026-04-13,175.17,1.0,2026-04-27,168.01,14,Rotated Out
GLW,2026-04-14,172.82,1.0,2026-04-28,153.05,14,Trailing Stop
GME,2020-12-08,4.24,1.0,2020-12-09,3.41,1,Trailing Stop
GME,2022-08-08,43.45,1.0,2022-08-18,37.93,10,Trailing Stop
GME,2022-08-09,40.37,1.0,2022-08-19,36.49,10,Trailing Stop
GME,2024-07-05,24.18,1.0,2024-07-19,24.97,14,Trailing Stop
GME,2024-07-08,24.45,1.0,2024-07-19,24.97,11,Trailing Stop
GME,2024-07-09,24.6,1.0,2024-07-19,24.97,10,Trailing Stop
GME,2024-07-11,25.57,1.0,2024-07-19,24.97,8,Trailing Stop
GME,2024-07-19,24.97,1.0,2024-07-30,22.4,11,Trailing Stop
GME,2024-07-30,22.4,1.0,2024-08-13,22.27,14,Rotated Out
GNRC,2021-07-21,447.34,1.0,2021-08-04,400.24,14,Rotated Out
GTLS,2020-08-03,69.92,1.0,2020-08-27,66.97,24,Rotated Out
GTLS,2020-08-11,74.99,1.0,2020-08-25,71.47,14,Rotated Out
GTLS,2020-08-13,72.26,1.0,2020-08-27,66.97,14,Rotated Out
GTLS,2020-08-14,72.05,1.0,2020-08-28,67.25,14,Rotated Out
GTLS,2020-08-18,72.07,1.0,2020-09-01,68.12,14,Rotated Out
GTLS,2020-08-19,72.62,1.0,2020-09-02,66.69,14,Rotated Out
GTLS,2020-09-18,71.31,1.0,2020-10-06,70.69,18,Rotated Out
GTLS,2022-05-05,179.21,1.0,2022-05-26,177.53,21,Rotated Out
GTLS,2022-05-09,162.65,1.0,2022-06-13,163.27,35,Trailing Stop
GTLS,2023-08-23,169.26,1.0,2023-09-20,168.77,28,Rotated Out
GTLS,2023-08-24,164.92,1.0,2023-09-26,162.94,33,Rotated Out
GTLS,2023-08-25,166.01,1.0,2023-09-21,164.96,27,Rotated Out
GTLS,2023-08-30,178.43,1.0,2023-09-13,172.33,14,Rotated Out
GXO,2021-10-20,85.61,1.0,2021-12-03,88.02,44,Trailing Stop
GXO,2023-01-19,52.2,1.0,2023-02-15,50.53,27,Rotated Out
HAL,2022-02-04,29.43,1.0,2022-02-22,28.98,18,Rotated Out
HAL,2022-02-07,29.95,1.0,2022-02-22,28.98,15,Rotated Out
HAL,2022-02-08,29.26,1.0,2022-02-22,28.98,14,Rotated Out
HAL,2022-02-09,30.08,1.0,2022-04-25,32.67,75,Trailing Stop
HAL,2022-02-11,30.88,1.0,2022-04-25,32.67,73,Trailing Stop
HAL,2022-02-23,29.19,1.0,2022-04-25,32.67,61,Trailing Stop
HAL,2022-03-01,29.69,1.0,2022-04-25,32.67,55,Trailing Stop
HAL,2022-03-04,31.56,1.0,2022-04-25,32.67,52,Trailing Stop
HAL,2022-03-08,33.99,1.0,2022-04-25,32.67,48,Trailing Stop
HAL,2022-03-21,34.75,1.0,2022-04-05,34.7,15,Rotated Out
HAL,2022-12-23,36.52,1.0,2023-02-02,36.02,41,Rotated Out
HALO,2022-06-23,46.8,1.0,2022-08-04,45.39,42,Trailing Stop
HALO,2022-07-07,50.17,1.0,2022-07-22,49.5,15,Rotated Out
HALO,2025-03-11,61.45,1.0,2025-04-04,59.77,24,Rotated Out
HII,2025-05-08,229.4,1.0,2025-05-22,221.07,14,Rotated Out
HII,2025-05-12,226.24,1.0,2025-05-27,224.36,15,Rotated Out
HII,2025-05-13,222.29,1.0,2025-05-28,222.16,15,Rotated Out
HII,2025-05-15,224.68,1.0,2025-05-29,220.27,14,Rotated Out
HL,2020-01-03,3.25,1.0,2020-01-17,3.01,14,Rotated Out
HL,2020-08-03,5.44,1.0,2020-08-11,5.47,8,Trailing Stop
HL,2020-08-05,6.24,1.0,2020-08-11,5.47,6,Trailing Stop
HL,2020-08-06,6.47,1.0,2020-08-11,5.47,5,Trailing Stop
HL,2020-08-31,5.86,1.0,2020-09-21,5.1,21,Trailing Stop
HL,2020-09-03,5.59,1.0,2020-09-23,4.59,20,Trailing Stop
HL,2020-09-14,5.6,1.0,2020-09-23,4.59,9,Trailing Stop
HL,2020-09-21,5.1,1.0,2020-10-06,4.88,15,Rotated Out
HL,2020-09-24,4.84,1.0,2020-10-28,4.5,34,Trailing Stop
HL,2021-06-02,9.1,1.0,2021-06-16,8.57,14,Rotated Out
HL,2025-09-15,11.76,1.0,2025-10-21,12.81,36,Trailing Stop
HL,2025-09-16,11.35,1.0,2025-10-21,12.81,35,Trailing Stop
HL,2025-10-06,12.47,1.0,2025-10-21,12.81,15,Trailing Stop
HL,2025-10-13,13.48,1.0,2025-10-21,12.81,8,Trailing Stop
HL,2025-10-14,13.29,1.0,2025-10-21,12.81,7,Trailing Stop
HL,2025-10-15,14.16,1.0,2025-10-21,12.81,6,Trailing Stop
HL,2025-10-16,15.24,1.0,2025-10-21,12.81,5,Trailing Stop
HL,2025-11-12,15.53,1.0,2025-11-20,13.21,8,Trailing Stop
HL,2025-11-26,15.97,1.0,2026-01-12,24.46,47,Take Profit
HL,2025-12-15,18.84,1.0,2026-01-21,28.88,37,Take Profit
HL,2025-12-16,19.02,1.0,2026-01-02,18.87,17,Rotated Out
HL,2026-01-23,31.81,1.0,2026-01-28,27.19,5,Trailing Stop
HOOD,2024-02-16,14.0,1.0,2024-04-15,17.19,59,Trailing Stop
HOOD,2024-02-20,14.09,1.0,2024-04-15,17.19,55,Trailing Stop
HOOD,2024-02-26,15.59,1.0,2024-04-15,17.19,49,Trailing Stop
HOOD,2024-03-01,16.58,1.0,2024-04-15,17.19,45,Trailing Stop
HOOD,2024-04-22,17.19,1.0,2024-05-10,16.23,18,Rotated Out
HOOD,2024-05-02,17.61,1.0,2024-07-24,21.41,83,Trailing Stop
HOOD,2024-05-03,17.95,1.0,2024-07-24,21.41,82,Trailing Stop
HOOD,2024-11-27,37.65,1.0,2024-12-18,37.08,21,Trailing Stop
HOOD,2024-12-30,38.28,1.0,2025-02-13,63.8,45,Take Profit
HOOD,2024-12-31,37.26,1.0,2025-02-10,56.27,41,Take Profit
HOOD,2025-01-03,41.35,1.0,2025-02-13,63.8,41,Take Profit
HOOD,2025-01-27,47.74,1.0,2025-02-20,56.06,24,Trailing Stop
HOOD,2025-01-29,51.15,1.0,2025-02-20,56.06,22,Trailing Stop
HOOD,2025-02-06,53.17,1.0,2025-02-20,56.06,14,Trailing Stop
HOOD,2025-02-10,56.27,1.0,2025-02-20,56.06,10,Trailing Stop
HOOD,2025-02-11,53.34,1.0,2025-02-20,56.06,9,Trailing Stop
HOOD,2025-02-14,65.28,1.0,2025-02-20,56.06,6,Trailing Stop
HOOD,2025-06-11,74.88,1.0,2025-08-08,114.63,58,Take Profit
HOOD,2025-06-12,73.84,1.0,2025-08-07,111.23,56,Take Profit
HOOD,2025-06-13,72.6,1.0,2025-07-18,109.74,35,Take Profit
HOOD,2025-06-16,76.75,1.0,2025-09-02,100.84,78,Trailing Stop
HOOD,2025-07-18,109.74,1.0,2025-08-26,108.8,39,Rotated Out
HOOD,2025-08-07,111.23,1.0,2025-08-26,108.8,19,Rotated Out
HOOD,2025-08-08,114.63,1.0,2025-08-26,108.8,18,Rotated Out
HPQ,2022-01-10,33.74,1.0,2022-01-24,30.85,14,Rotated Out
IBP,2024-01-18,182.56,1.0,2024-04-16,221.28,89,Trailing Stop
IBP,2024-01-31,189.04,1.0,2024-04-16,221.28,76,Trailing Stop
IDCC,2023-03-07,69.58,1.0,2023-03-22,69.33,15,Rotated Out
IDCC,2023-03-08,71.04,1.0,2023-03-22,69.33,14,Rotated Out
IDCC,2023-03-09,70.94,1.0,2023-03-23,69.9,14,Rotated Out
IDCC,2023-03-10,70.69,1.0,2023-03-24,69.61,14,Rotated Out
IDCC,2023-03-13,70.51,1.0,2023-03-27,70.34,14,Rotated Out
IDCC,2023-03-15,70.53,1.0,2023-03-29,69.66,14,Rotated Out
IPGP,2026-04-10,127.32,1.0,2026-04-24,124.55,14,Rotated Out
IVZ,2020-11-16,12.88,1.0,2021-03-01,20.06,105,Take Profit
IVZ,2020-11-18,12.9,1.0,2021-03-01,20.06,103,Take Profit
JXN,2021-12-14,31.18,1.0,2022-01-21,32.41,38,Trailing Stop
JXN,2022-01-05,35.64,1.0,2022-01-21,32.41,16,Trailing Stop
JXN,2022-01-10,38.14,1.0,2022-01-21,32.41,11,Trailing Stop
JXN,2022-01-11,37.38,1.0,2022-01-21,32.41,10,Trailing Stop
JXN,2022-01-18,34.91,1.0,2022-01-28,30.59,10,Trailing Stop
JXN,2022-01-21,32.41,1.0,2022-03-01,30.73,39,Trailing Stop
JXN,2022-01-28,30.59,1.0,2022-03-01,30.73,32,Trailing Stop
JXN,2022-02-08,34.5,1.0,2022-02-22,33.24,14,Rotated Out
JXN,2023-11-03,37.42,1.0,2024-03-04,51.03,122,Time Stop
KNSL,2020-03-11,113.69,1.0,2020-03-12,99.31,1,Trailing Stop
KR,2020-03-19,30.1,1.0,2020-03-25,24.6,6,Trailing Stop
KR,2020-03-25,24.6,1.0,2020-07-23,31.08,120,Time Stop
KRYS,2022-02-09,66.2,1.0,2022-02-23,57.74,14,Trailing Stop
KRYS,2022-02-22,61.09,1.0,2022-03-04,57.35,10,Trailing Stop
KTOS,2023-03-13,12.63,1.0,2023-04-26,12.58,44,Rotated Out
KTOS,2025-05-27,38.12,1.0,2025-07-17,58.91,51,Take Profit
KTOS,2025-08-06,58.93,1.0,2025-09-30,91.37,55,Take Profit
KTOS,2025-08-07,59.08,1.0,2025-09-30,91.37,54,Take Profit
KTOS,2025-08-08,63.88,1.0,2025-09-04,63.59,27,Rotated Out
KTOS,2025-08-14,69.12,1.0,2025-09-03,64.5,20,Rotated Out
KTOS,2025-09-30,91.37,1.0,2025-10-15,90.58,15,Trailing Stop
LAD,2020-08-11,238.27,1.0,2020-09-11,231.51,31,Trailing Stop
LAD,2020-08-14,250.11,1.0,2020-08-28,239.57,14,Rotated Out
LAD,2020-08-18,264.57,1.0,2020-09-01,249.98,14,Rotated Out
LAD,2020-09-04,235.26,1.0,2020-09-18,221.42,14,Rotated Out
LAD,2020-09-08,233.09,1.0,2020-09-22,221.11,14,Rotated Out
LAD,2020-09-11,231.51,1.0,2020-09-25,211.14,14,Rotated Out
LAD,2020-09-14,235.95,1.0,2020-09-28,220.95,14,Rotated Out
LITE,2024-11-08,83.85,1.0,2024-11-27,83.77,19,Rotated Out
LITE,2024-11-11,86.72,1.0,2024-11-27,83.77,16,Rotated Out
LITE,2025-08-07,111.13,1.0,2025-09-15,168.77,39,Take Profit
LITE,2025-08-08,116.27,1.0,2025-10-10,149.61,63,Trailing Stop
LITE,2025-08-28,135.55,1.0,2025-10-10,149.61,43,Trailing Stop
LITE,2025-09-03,134.12,1.0,2025-10-10,149.61,37,Trailing Stop
LITE,2025-09-15,168.77,1.0,2025-09-29,162.58,14,Rotated Out
LITE,2025-09-16,170.9,1.0,2025-09-30,162.71,14,Rotated Out
LITE,2026-02-11,574.11,1.0,2026-03-04,680.8,21,Trailing Stop
LITE,2026-02-18,594.26,1.0,2026-03-04,680.8,14,Trailing Stop
LITE,2026-02-19,635.64,1.0,2026-03-04,680.8,13,Trailing Stop
LITE,2026-02-23,677.04,1.0,2026-03-04,680.8,9,Trailing Stop
LITE,2026-04-27,859.68,1.0,2026-05-18,884.98,21,Trailing Stop
LITE,2026-04-28,791.37,1.0,2026-05-18,884.98,20,Trailing Stop
LLY,2023-10-25,576.32,1.0,2023-12-01,575.0,37,Rotated Out
LLY,2023-10-26,558.27,1.0,2024-02-23,758.95,120,Time Stop
LLY,2023-11-02,570.25,1.0,2023-12-14,564.79,42,Rotated Out
LNTH,2022-03-21,55.24,1.0,2022-05-09,55.54,49,Trailing Stop
LNTH,2022-03-28,52.25,1.0,2022-05-09,55.54,42,Trailing Stop
LNTH,2022-04-04,56.71,1.0,2022-05-09,55.54,35,Trailing Stop
LNTH,2022-04-11,58.72,1.0,2022-05-09,55.54,28,Trailing Stop
LNTH,2022-04-26,57.99,1.0,2022-05-09,55.54,13,Trailing Stop
LNTH,2022-05-27,70.34,1.0,2022-06-10,63.85,14,Trailing Stop
LNTH,2023-03-24,81.43,1.0,2023-05-30,87.12,67,Trailing Stop
LNTH,2023-04-05,83.5,1.0,2023-05-01,83.37,26,Rotated Out
LNTH,2023-04-24,91.22,1.0,2023-05-26,91.05,32,Rotated Out
LNTH,2023-04-25,89.72,1.0,2023-05-30,87.12,35,Trailing Stop
LNTH,2023-05-02,82.7,1.0,2023-05-30,87.12,28,Trailing Stop
LNTH,2023-05-11,99.38,1.0,2023-05-25,97.85,14,Rotated Out
LNTH,2023-05-12,99.65,1.0,2023-05-26,91.05,14,Rotated Out
LNTH,2023-05-16,97.43,1.0,2023-05-30,87.12,14,Rotated Out
LNTH,2023-05-19,97.24,1.0,2023-06-02,88.67,14,Rotated Out
LNTH,2023-05-22,98.32,1.0,2023-06-05,87.6,14,Rotated Out
LPX,2021-04-05,56.04,1.0,2021-05-12,60.29,37,Trailing Stop
LPX,2021-04-12,59.14,1.0,2021-05-12,60.29,30,Trailing Stop
LPX,2021-04-15,61.44,1.0,2021-05-12,60.29,27,Trailing Stop
LPX,2021-04-16,62.7,1.0,2021-05-12,60.29,26,Trailing Stop
LPX,2021-04-19,63.43,1.0,2021-05-03,63.04,14,Rotated Out
LPX,2021-05-12,60.29,1.0,2021-06-07,58.58,26,Rotated Out
LUMN,2024-07-29,1.94,1.0,2024-07-31,3.15,2,Take Profit
LUMN,2024-09-24,7.19,1.0,2024-10-07,6.23,13,Trailing Stop
LUMN,2024-10-02,6.73,1.0,2024-11-11,10.12,40,Take Profit
LUMN,2024-10-03,6.68,1.0,2024-11-11,10.12,39,Take Profit
LUMN,2024-10-07,6.23,1.0,2024-11-08,9.59,32,Take Profit
LUMN,2025-10-23,7.79,1.0,2025-11-03,11.83,11,Take Profit
LYB,2026-03-20,73.32,1.0,2026-04-09,72.27,20,Trailing Stop
LYB,2026-03-23,71.47,1.0,2026-04-09,72.27,17,Trailing Stop
LYB,2026-03-25,77.19,1.0,2026-04-08,74.22,14,Rotated Out
LYB,2026-03-27,80.45,1.0,2026-04-09,72.27,13,Trailing Stop
LYB,2026-03-30,82.38,1.0,2026-04-09,72.27,10,Trailing Stop
M,2021-01-25,12.01,1.0,2021-01-28,13.09,3,Trailing Stop
M,2021-03-15,17.45,1.0,2021-03-22,14.95,7,Trailing Stop
M,2021-11-15,26.29,1.0,2021-11-24,27.21,9,Trailing Stop
M,2021-11-16,27.34,1.0,2021-11-24,27.21,8,Trailing Stop
M,2023-12-04,15.88,1.0,2024-01-17,16.37,44,Trailing Stop
M,2023-12-06,14.87,1.0,2024-01-17,16.37,42,Trailing Stop
M,2024-01-09,17.46,1.0,2024-01-23,16.67,14,Rotated Out
M,2024-01-12,16.99,1.0,2024-01-31,16.76,19,Rotated Out
MAC,2021-06-23,14.81,1.0,2021-07-07,13.94,14,Rotated Out
MAC,2021-06-28,15.05,1.0,2021-07-16,13.66,18,Rotated Out
MAC,2021-06-29,14.95,1.0,2021-07-16,13.66,17,Rotated Out
MAC,2021-06-30,14.86,1.0,2021-07-16,13.66,16,Rotated Out
MAC,2021-07-01,15.06,1.0,2021-07-16,13.66,15,Rotated Out
MAC,2021-07-15,14.34,1.0,2021-07-29,13.59,14,Rotated Out
MASI,2020-03-25,159.81,1.0,2020-05-06,240.07,42,Take Profit
MASI,2020-03-30,179.76,1.0,2020-06-04,218.61,66,Trailing Stop
MEDP,2025-08-20,465.72,1.0,2025-12-09,544.08,111,Trailing Stop
META,2023-03-06,183.62,1.0,2023-06-15,279.87,101,Take Profit
META,2023-03-07,183.23,1.0,2023-06-15,279.87,100,Take Profit
META,2023-03-08,183.69,1.0,2023-06-15,279.87,99,Take Profit
META,2023-03-09,180.43,1.0,2023-06-01,270.72,84,Take Profit
META,2023-03-10,178.26,1.0,2023-06-01,270.72,83,Take Profit
META,2023-03-13,179.65,1.0,2023-06-01,270.72,80,Take Profit
META,2023-03-17,194.25,1.0,2023-07-05,292.33,110,Take Profit
META,2023-03-29,203.93,1.0,2023-07-12,307.19,105,Take Profit
META,2023-03-31,210.47,1.0,2023-07-28,323.22,119,Take Profit
META,2023-04-24,211.31,1.0,2023-07-28,323.22,95,Take Profit
MGY,2021-03-31,10.4,1.0,2021-04-16,10.06,16,Rotated Out
MGY,2021-04-01,11.04,1.0,2021-04-15,10.43,14,Rotated Out
MIR,2023-02-21,9.46,1.0,2023-03-07,8.3,14,Trailing Stop
MIR,2024-12-10,17.82,1.0,2024-12-27,17.62,17,Rotated Out
MIR,2024-12-18,17.44,1.0,2025-01-02,16.92,15,Rotated Out
MKSI,2026-02-13,260.74,1.0,2026-02-27,244.46,14,Rotated Out
MOS,2022-03-08,52.94,1.0,2022-04-21,62.47,44,Trailing Stop
MOS,2022-03-21,61.14,1.0,2022-04-21,62.47,31,Trailing Stop
MOS,2022-03-28,61.84,1.0,2022-04-21,62.47,24,Trailing Stop
MOS,2022-04-04,60.96,1.0,2022-04-21,62.47,17,Trailing Stop
MOS,2022-05-06,58.28,1.0,2022-05-09,50.82,3,Trailing Stop
MOS,2025-05-27,35.27,1.0,2025-06-10,33.54,14,Rotated Out
MOS,2025-05-29,35.13,1.0,2025-06-12,34.04,14,Rotated Out
MOS,2025-06-02,35.99,1.0,2025-06-16,35.44,14,Rotated Out
MP,2021-02-04,33.8,1.0,2021-02-23,38.02,19,Trailing Stop
MP,2021-02-05,32.25,1.0,2021-02-23,38.02,18,Trailing Stop
MP,2021-02-08,32.56,1.0,2021-02-23,38.02,15,Trailing Stop
MP,2021-02-12,35.26,1.0,2021-02-23,38.02,11,Trailing Stop
MP,2022-01-05,45.51,1.0,2022-01-19,44.58,14,Rotated Out
MP,2022-01-07,45.52,1.0,2022-01-20,42.35,13,Trailing Stop
MP,2025-03-06,24.4,1.0,2025-04-04,23.06,29,Trailing Stop
MP,2025-03-07,24.98,1.0,2025-04-04,23.06,28,Trailing Stop
MP,2025-03-10,24.42,1.0,2025-04-04,23.06,25,Trailing Stop
MP,2025-03-13,24.38,1.0,2025-04-04,23.06,22,Trailing Stop
MP,2025-03-27,26.17,1.0,2025-04-08,21.94,12,Trailing Stop
MP,2025-04-04,23.06,1.0,2025-04-21,23.19,17,Trailing Stop
MP,2025-08-05,68.39,1.0,2025-09-02,67.31,28,Trailing Stop
MP,2025-09-02,67.31,1.0,2025-09-16,65.98,14,Rotated Out
MP,2025-09-22,73.22,1.0,2025-09-30,67.07,8,Trailing Stop
MP,2025-09-25,77.13,1.0,2025-09-30,67.07,5,Trailing Stop
MP,2025-09-29,68.18,1.0,2025-10-16,83.84,17,Trailing Stop
MP,2025-09-30,67.07,1.0,2025-10-16,83.84,16,Trailing Stop
MP,2025-10-01,67.63,1.0,2025-10-16,83.84,15,Trailing Stop
MP,2025-10-06,74.33,1.0,2025-10-16,83.84,10,Trailing Stop
MRNA,2020-04-13,32.9,1.0,2020-04-20,51.69,7,Take Profit
MRNA,2021-01-27,155.73,1.0,2021-02-22,159.37,26,Trailing Stop
MRNA,2021-02-08,185.98,1.0,2021-02-22,159.37,14,Trailing Stop
MRNA,2021-06-07,219.57,1.0,2021-07-23,348.83,46,Take Profit
MRNA,2021-06-23,212.04,1.0,2021-07-21,321.11,28,Take Profit
MRNA,2021-06-28,222.94,1.0,2021-07-23,348.83,25,Take Profit
MRNA,2021-06-29,234.46,1.0,2021-07-30,353.6,31,Take Profit
MRNA,2021-06-30,234.98,1.0,2021-07-30,353.6,30,Take Profit
MRNA,2021-07-20,307.33,1.0,2021-08-09,484.47,20,Take Profit
MRNA,2021-07-21,321.11,1.0,2021-08-09,484.47,19,Take Profit
MRNA,2021-07-23,348.83,1.0,2021-08-11,385.33,19,Trailing Stop
MRNA,2021-07-30,353.6,1.0,2021-08-11,385.33,12,Trailing Stop
MRNA,2021-09-09,455.92,1.0,2021-09-28,384.21,19,Trailing Stop
MRNA,2021-09-10,449.38,1.0,2021-09-28,384.21,18,Trailing Stop
MRNA,2021-09-13,419.72,1.0,2021-09-28,384.21,15,Trailing Stop
MRNA,2021-09-21,434.04,1.0,2021-09-28,384.21,7,Trailing Stop
MRNA,2021-09-29,378.9,1.0,2021-10-04,325.84,5,Trailing Stop
MRNA,2026-02-17,43.93,1.0,2026-03-27,49.56,38,Trailing Stop
MRNA,2026-02-19,49.7,1.0,2026-03-27,49.56,36,Trailing Stop
MRNA,2026-02-23,50.33,1.0,2026-03-27,49.56,32,Trailing Stop
MRNA,2026-02-24,50.52,1.0,2026-03-27,49.56,31,Trailing Stop
MRNA,2026-02-27,53.57,1.0,2026-03-18,52.4,19,Rotated Out
MTDR,2021-01-27,15.43,1.0,2021-03-05,25.01,37,Take Profit
MTDR,2021-02-18,17.46,1.0,2021-03-18,21.1,28,Trailing Stop
MTDR,2021-03-01,20.65,1.0,2021-03-18,21.1,17,Trailing Stop
MTDR,2021-03-05,25.01,1.0,2021-03-18,21.1,13,Trailing Stop
MTDR,2021-03-15,24.45,1.0,2021-03-18,21.1,3,Trailing Stop
MTDR,2021-05-17,28.74,1.0,2021-07-15,30.58,59,Trailing Stop
MTDR,2021-05-18,27.59,1.0,2021-07-15,30.58,58,Trailing Stop
MTDR,2021-05-19,27.07,1.0,2021-07-15,30.58,57,Trailing Stop
MTZ,2026-04-09,357.37,1.0,2026-05-19,385.0,40,Trailing Stop
MTZ,2026-04-13,365.55,1.0,2026-05-19,385.0,36,Trailing Stop
MTZ,2026-04-28,375.09,1.0,2026-05-19,385.0,21,Trailing Stop
MU,2022-01-18,90.84,1.0,2022-01-25,78.95,7,Trailing Stop
MU,2024-06-13,142.2,1.0,2024-06-27,131.36,14,Trailing Stop
MU,2024-06-14,140.43,1.0,2024-06-27,131.36,13,Trailing Stop
MU,2024-06-17,146.86,1.0,2024-06-27,131.36,10,Trailing Stop
MU,2025-10-21,202.21,1.0,2025-11-20,201.29,30,Trailing Stop
MU,2025-10-23,206.63,1.0,2025-11-20,201.29,28,Trailing Stop
MU,2026-01-12,345.87,1.0,2026-02-04,379.4,23,Trailing Stop
MU,2026-01-27,410.24,1.0,2026-02-04,379.4,8,Trailing Stop
MU,2026-01-29,435.79,1.0,2026-02-04,379.4,6,Trailing Stop
MU,2026-01-30,414.88,1.0,2026-02-04,379.4,5,Trailing Stop
MU,2026-02-18,420.95,1.0,2026-03-04,400.77,14,Rotated Out
MU,2026-03-05,397.05,1.0,2026-03-23,404.35,18,Trailing Stop
MUSA,2022-06-22,226.94,1.0,2022-10-20,272.73,120,Time Stop
MUSA,2022-07-14,264.92,1.0,2022-09-23,261.85,71,Rotated Out
NCLH,2023-07-03,21.91,1.0,2023-07-17,20.76,14,Rotated Out
NCLH,2023-07-11,22.41,1.0,2023-07-25,20.3,14,Rotated Out
NE,2026-04-09,49.62,1.0,2026-04-23,48.94,14,Rotated Out
NEM,2020-03-09,40.2,1.0,2020-03-13,33.24,4,Trailing Stop
NEM,2020-04-14,50.39,1.0,2020-04-30,50.05,16,Rotated Out
NEM,2020-04-24,53.1,1.0,2020-05-11,52.97,17,Rotated Out
NEM,2020-05-14,56.07,1.0,2020-05-26,49.82,12,Trailing Stop
NEM,2025-04-11,54.37,1.0,2025-04-30,52.11,19,Rotated Out
NFG,2025-03-07,72.29,1.0,2025-04-04,71.68,28,Rotated Out
NFG,2025-03-10,72.45,1.0,2025-04-04,71.68,25,Rotated Out
NFG,2025-03-20,77.04,1.0,2025-04-04,71.68,15,Rotated Out
NRG,2025-06-02,157.18,1.0,2025-06-16,152.67,14,Rotated Out
NTNX,2022-10-12,20.99,1.0,2022-12-12,32.47,61,Take Profit
NTNX,2022-11-03,27.01,1.0,2022-12-21,28.9,48,Trailing Stop
NTNX,2022-11-04,26.94,1.0,2022-12-21,28.9,47,Trailing Stop
NTNX,2022-11-07,26.55,1.0,2022-12-21,28.9,44,Trailing Stop
NTNX,2022-11-08,26.65,1.0,2022-12-21,28.9,43,Trailing Stop
NTNX,2022-11-11,28.43,1.0,2022-11-30,28.26,19,Rotated Out
NTNX,2022-11-21,27.9,1.0,2022-12-21,28.9,30,Trailing Stop
NTNX,2023-11-02,37.36,1.0,2024-01-23,56.2,82,Take Profit
NUE,2021-04-21,74.56,1.0,2021-06-17,88.57,57,Trailing Stop
NUE,2021-05-03,79.69,1.0,2021-06-17,88.57,45,Trailing Stop
NUE,2021-05-12,89.26,1.0,2021-06-17,88.57,36,Trailing Stop
NUE,2021-05-18,96.21,1.0,2021-06-16,92.93,29,Rotated Out
NUE,2021-05-19,94.41,1.0,2021-06-16,92.93,28,Rotated Out
NUE,2021-06-01,102.97,1.0,2021-06-16,92.93,15,Rotated Out
NUE,2021-06-02,97.66,1.0,2021-06-16,92.93,14,Rotated Out
NUE,2022-04-21,165.89,1.0,2022-05-02,141.7,11,Trailing Stop
NUE,2022-04-25,149.8,1.0,2022-05-05,133.04,10,Trailing Stop
NUE,2022-04-26,148.35,1.0,2022-05-05,133.04,9,Trailing Stop
NVDA,2021-06-18,18.6,1.0,2021-07-16,18.12,28,Trailing Stop
NVDA,2021-06-23,19.01,1.0,2021-07-15,18.92,22,Rotated Out
NVDA,2021-11-09,30.59,1.0,2021-12-06,29.98,27,Rotated Out
NVDA,2021-11-15,29.96,1.0,2021-12-13,28.11,28,Trailing Stop
NVDA,2023-03-17,25.7,1.0,2023-05-26,38.91,70,Take Profit
NVDA,2023-03-22,26.45,1.0,2023-04-25,26.22,34,Rotated Out
NVDA,2023-03-23,27.17,1.0,2023-04-24,27.02,32,Rotated Out
NVDA,2023-03-29,26.96,1.0,2023-04-25,26.22,27,Rotated Out
NVDA,2023-03-31,27.75,1.0,2023-04-24,27.02,24,Rotated Out
NVDA,2023-05-22,31.15,1.0,2023-07-18,47.46,57,Take Profit
NVDA,2024-03-04,85.19,1.0,2024-04-17,83.99,44,Rotated Out
NVDA,2024-03-06,88.65,1.0,2024-04-08,87.09,33,Rotated Out
NVDA,2024-03-19,89.35,1.0,2024-04-08,87.09,20,Rotated Out
NVDA,2024-07-09,131.32,1.0,2024-07-17,117.94,8,Trailing Stop
NXT,2025-03-12,44.32,1.0,2025-03-26,43.67,14,Rotated Out
NXT,2025-03-13,45.16,1.0,2025-03-27,42.75,14,Rotated Out
OKTA,2023-02-02,81.27,1.0,2023-02-16,75.27,14,Rotated Out
OKTA,2023-02-06,76.34,1.0,2023-02-21,72.17,15,Rotated Out
OKTA,2023-02-07,77.22,1.0,2023-02-21,72.17,14,Rotated Out
OKTA,2025-03-24,116.38,1.0,2025-04-03,100.27,10,Trailing Stop
OKTA,2025-03-26,114.02,1.0,2025-04-03,100.27,8,Trailing Stop
OKTA,2025-03-27,111.2,1.0,2025-04-04,91.93,8,Trailing Stop
OLLI,2020-05-22,85.61,1.0,2020-08-28,97.12,98,Trailing Stop
OLLI,2020-05-26,88.86,1.0,2020-08-28,97.12,94,Trailing Stop
OLLI,2022-06-10,53.66,1.0,2022-07-26,60.5,46,Trailing Stop
OLLI,2022-06-13,53.21,1.0,2022-07-26,60.5,43,Trailing Stop
OLLI,2022-07-07,70.82,1.0,2022-07-25,63.59,18,Rotated Out
OLLI,2022-07-14,66.54,1.0,2022-07-28,59.31,14,Trailing Stop
OLLI,2022-07-22,65.58,1.0,2022-08-05,62.79,14,Rotated Out
OLLI,2024-07-02,98.32,1.0,2024-07-24,97.08,22,Rotated Out
ON,2022-01-10,65.12,1.0,2022-01-20,55.54,10,Trailing Stop
ON,2022-01-11,65.93,1.0,2022-01-20,55.54,9,Trailing Stop
ON,2022-01-18,63.03,1.0,2022-01-21,54.73,3,Trailing Stop
OPCH,2025-02-21,32.0,1.0,2025-04-11,31.55,49,Rotated Out
OPCH,2025-02-25,32.63,1.0,2025-04-11,31.55,45,Rotated Out
ORCL,2025-08-06,255.31,1.0,2025-08-20,234.03,14,Rotated Out
OVV,2020-07-21,9.44,1.0,2020-07-31,8.46,10,Trailing Stop
OVV,2020-07-24,9.61,1.0,2020-07-31,8.46,7,Trailing Stop
OVV,2020-07-27,9.69,1.0,2020-07-31,8.46,4,Trailing Stop
OVV,2020-08-07,9.99,1.0,2020-08-21,9.61,14,Rotated Out
OVV,2021-03-19,22.53,1.0,2021-04-05,21.29,17,Rotated Out
OVV,2021-03-22,22.0,1.0,2021-04-05,21.29,14,Rotated Out
OVV,2021-03-23,21.12,1.0,2021-04-12,20.91,20,Rotated Out
OVV,2021-03-24,21.21,1.0,2021-04-12,20.91,19,Rotated Out
OXY,2021-01-12,21.32,1.0,2021-01-26,19.2,14,Trailing Stop
OXY,2022-03-01,44.15,1.0,2022-05-27,67.03,87,Take Profit
OXY,2022-03-28,53.57,1.0,2022-04-22,53.56,25,Rotated Out
OXY,2022-04-04,54.66,1.0,2022-04-22,53.56,18,Rotated Out
PAYC,2020-02-03,317.05,1.0,2020-02-06,284.94,3,Trailing Stop
PCG,2020-01-17,12.93,1.0,2020-02-28,15.32,42,Trailing Stop
PCG,2020-02-18,15.91,1.0,2020-02-28,15.32,10,Trailing Stop
PCG,2020-02-28,15.32,1.0,2020-03-09,12.48,10,Trailing Stop
PCG,2020-03-03,14.64,1.0,2020-03-09,12.48,6,Trailing Stop
PCG,2022-10-26,15.0,1.0,2022-11-09,14.41,14,Rotated Out
PCTY,2020-11-10,196.14,1.0,2020-11-24,193.7,14,Rotated Out
PCTY,2021-08-17,251.38,1.0,2021-11-10,265.92,85,Trailing Stop
PCTY,2021-08-24,260.83,1.0,2021-09-13,257.2,20,Rotated Out
PCTY,2021-08-27,264.9,1.0,2021-09-13,257.2,17,Rotated Out
PECO,2021-08-04,23.93,1.0,2021-12-02,27.98,120,Time Stop
PECO,2021-08-09,25.7,1.0,2021-12-07,28.08,120,Time Stop
PECO,2021-08-17,25.39,1.0,2021-12-15,27.12,120,Time Stop
PECO,2021-09-09,25.0,1.0,2022-01-07,29.67,120,Time Stop
PECO,2021-09-21,25.21,1.0,2022-01-19,26.99,120,Time Stop
PECO,2021-09-29,26.64,1.0,2021-10-22,26.44,23,Rotated Out
PECO,2021-10-12,27.58,1.0,2021-10-26,26.93,14,Rotated Out
PEN,2022-09-26,182.52,1.0,2022-10-10,180.52,14,Rotated Out
PEN,2022-10-11,179.88,1.0,2022-10-25,175.52,14,Rotated Out
PEN,2022-10-12,182.22,1.0,2022-10-26,176.82,14,Rotated Out
PEN,2022-10-17,183.67,1.0,2022-10-31,171.47,14,Rotated Out
PGR,2023-10-31,144.75,1.0,2023-11-15,144.37,15,Rotated Out
PINS,2020-09-14,36.32,1.0,2020-10-29,62.51,45,Take Profit
PINS,2020-09-22,40.55,1.0,2020-10-29,62.51,37,Take Profit
PINS,2020-09-23,39.55,1.0,2020-10-29,62.51,36,Take Profit
PINS,2020-09-24,38.49,1.0,2020-10-29,62.51,35,Take Profit
PINS,2020-09-25,39.9,1.0,2020-10-29,62.51,34,Take Profit
PINS,2020-10-21,49.38,1.0,2020-11-10,55.67,20,Trailing Stop
PINS,2020-10-26,50.46,1.0,2020-11-10,55.67,15,Trailing Stop
PINS,2020-11-18,64.45,1.0,2021-01-27,64.67,70,Trailing Stop
PINS,2020-11-24,64.03,1.0,2021-01-27,64.67,64,Trailing Stop
PINS,2020-11-25,67.42,1.0,2020-12-30,67.14,35,Rotated Out
PLTR,2021-01-04,23.37,1.0,2021-01-25,36.23,21,Take Profit
PLTR,2021-01-06,23.54,1.0,2021-01-25,36.23,19,Take Profit
PLTR,2021-01-11,25.93,1.0,2021-01-27,39.0,16,Take Profit
PLTR,2021-01-12,26.18,1.0,2021-02-01,33.96,20,Trailing Stop
PLTR,2021-01-21,25.98,1.0,2021-01-27,39.0,6,Take Profit
PLTR,2023-06-02,14.52,1.0,2023-06-22,14.05,20,Trailing Stop
PLTR,2023-06-08,15.19,1.0,2023-06-22,14.05,14,Trailing Stop
PLTR,2023-06-09,15.02,1.0,2023-06-22,14.05,13,Trailing Stop
PLTR,2023-06-13,16.0,1.0,2023-06-22,14.05,9,Trailing Stop
PLTR,2023-06-21,14.64,1.0,2023-08-08,17.04,48,Trailing Stop
PLTR,2023-06-22,14.05,1.0,2023-08-08,17.04,47,Trailing Stop
PLTR,2023-06-26,13.94,1.0,2023-08-08,17.04,43,Trailing Stop
PLTR,2023-06-29,15.2,1.0,2023-08-08,17.04,40,Trailing Stop
PLTR,2023-06-30,15.33,1.0,2023-08-08,17.04,39,Trailing Stop
PLTR,2023-07-03,15.52,1.0,2023-08-08,17.04,36,Trailing Stop
PLTR,2023-07-05,15.7,1.0,2023-08-08,17.04,34,Trailing Stop
PLTR,2023-07-10,16.3,1.0,2023-08-08,17.04,29,Trailing Stop
PLTR,2023-07-13,16.74,1.0,2023-08-08,17.04,26,Trailing Stop
PLTR,2023-07-18,18.08,1.0,2023-08-08,17.04,21,Trailing Stop
PLTR,2023-07-28,17.81,1.0,2023-08-08,17.04,11,Trailing Stop
PLTR,2024-08-13,30.39,1.0,2024-08-28,30.36,15,Rotated Out
PLTR,2024-08-16,32.08,1.0,2024-09-03,30.51,18,Rotated Out
PLTR,2024-08-21,32.54,1.0,2024-09-04,30.59,14,Rotated Out
PLTR,2024-09-09,34.6,1.0,2024-11-06,55.53,58,Take Profit
PLTR,2024-11-25,64.65,1.0,2025-01-07,69.99,43,Trailing Stop
PLTR,2024-11-27,66.05,1.0,2025-01-07,69.99,41,Trailing Stop
PLTR,2025-01-07,69.99,1.0,2025-02-06,111.28,30,Take Profit
PLTR,2025-01-29,79.76,1.0,2025-02-18,124.62,20,Take Profit
PLTR,2025-04-30,118.44,1.0,2025-05-06,108.86,6,Trailing Stop
PLTR,2025-05-01,116.2,1.0,2025-05-06,108.86,5,Trailing Stop
PM,2025-04-03,157.92,1.0,2025-07-24,158.14,112,Trailing Stop
PM,2025-04-07,147.36,1.0,2025-07-24,158.14,108,Trailing Stop
PM,2025-04-08,145.41,1.0,2025-07-24,158.14,107,Trailing Stop
PM,2025-04-28,164.84,1.0,2025-05-12,160.61,14,Rotated Out
PM,2025-05-01,165.7,1.0,2025-05-15,164.81,14,Rotated Out
POWL,2022-06-30,22.28,1.0,2022-07-14,21.06,14,Rotated Out
POWL,2022-12-27,33.93,1.0,2023-03-17,39.55,80,Trailing Stop
POWL,2022-12-28,33.35,1.0,2023-03-17,39.55,79,Trailing Stop
POWL,2022-12-30,34.2,1.0,2023-03-17,39.55,77,Trailing Stop
POWL,2023-01-04,34.55,1.0,2023-03-17,39.55,72,Trailing Stop
POWL,2023-01-06,35.58,1.0,2023-03-17,39.55,70,Trailing Stop
POWL,2023-01-20,37.79,1.0,2023-03-17,39.55,56,Trailing Stop
POWL,2023-01-23,38.83,1.0,2023-03-17,39.55,53,Trailing Stop
POWL,2023-02-06,44.09,1.0,2023-03-06,43.18,28,Rotated Out
POWL,2023-02-07,44.18,1.0,2023-03-06,43.18,27,Rotated Out
POWL,2023-09-28,85.49,1.0,2023-10-13,79.41,15,Rotated Out
POWL,2023-10-04,82.14,1.0,2023-10-18,75.95,14,Trailing Stop
POWL,2023-10-05,81.13,1.0,2023-10-18,75.95,13,Trailing Stop
POWL,2023-10-09,84.6,1.0,2023-10-18,75.95,9,Trailing Stop
POWL,2023-10-12,84.4,1.0,2023-10-19,74.02,7,Trailing Stop
POWL,2024-02-21,152.51,1.0,2024-03-06,160.5,14,Trailing Stop
POWL,2024-02-23,160.22,1.0,2024-03-06,160.5,12,Trailing Stop
POWL,2024-02-26,165.07,1.0,2024-03-06,160.5,9,Trailing Stop
POWL,2024-02-28,174.02,1.0,2024-03-06,160.5,7,Trailing Stop
POWL,2024-03-01,178.36,1.0,2024-03-06,160.5,5,Trailing Stop
POWL,2024-03-04,183.12,1.0,2024-03-06,160.5,2,Trailing Stop
POWL,2024-03-06,160.5,1.0,2024-03-19,144.48,13,Trailing Stop
POWL,2024-03-11,150.59,1.0,2024-03-19,144.48,8,Trailing Stop
POWL,2024-03-13,167.9,1.0,2024-03-19,144.48,6,Trailing Stop
POWL,2024-03-14,161.06,1.0,2024-03-20,136.89,6,Trailing Stop
POWL,2024-03-15,159.38,1.0,2024-03-20,136.89,5,Trailing Stop
POWL,2024-04-19,129.14,1.0,2024-05-24,199.74,35,Take Profit
POWL,2024-10-07,244.54,1.0,2024-11-14,298.72,38,Trailing Stop
POWL,2024-10-15,262.97,1.0,2024-10-29,259.8,14,Rotated Out
POWL,2024-10-17,273.94,1.0,2024-10-31,253.46,14,Rotated Out
POWL,2024-10-28,257.89,1.0,2024-11-14,298.72,17,Trailing Stop
PPC,2022-06-02,29.13,1.0,2022-06-13,25.26,11,Trailing Stop
PPC,2022-06-13,25.26,1.0,2022-07-11,25.04,28,Rotated Out
PPC,2022-06-17,24.86,1.0,2022-08-26,24.71,70,Rotated Out
PPC,2022-06-22,25.3,1.0,2022-07-11,25.04,19,Rotated Out
PPC,2025-04-21,51.28,1.0,2025-05-01,44.7,10,Trailing Stop
PR,2020-12-28,1.38,1.0,2021-01-12,2.08,15,Take Profit
PR,2021-01-04,1.3,1.0,2021-01-12,2.08,8,Take Profit
PR,2021-02-22,3.3,1.0,2021-03-08,4.04,14,Trailing Stop
PR,2021-02-23,3.41,1.0,2021-03-08,4.04,13,Trailing Stop
PR,2021-02-25,3.53,1.0,2021-03-08,4.04,11,Trailing Stop
PR,2021-03-01,3.58,1.0,2021-03-08,4.04,7,Trailing Stop
PR,2021-04-09,3.74,1.0,2021-04-20,3.47,11,Trailing Stop
PR,2021-06-16,5.98,1.0,2021-06-30,5.98,14,Rotated Out
PR,2021-06-23,6.21,1.0,2021-07-07,5.71,14,Rotated Out
PR,2021-06-28,5.87,1.0,2021-07-14,5.45,16,Trailing Stop
PR,2021-06-29,6.0,1.0,2021-07-13,5.93,14,Rotated Out
PR,2021-07-12,6.07,1.0,2021-07-15,5.12,3,Trailing Stop
PR,2022-10-12,7.85,1.0,2022-11-28,8.77,47,Trailing Stop
PR,2022-10-14,7.76,1.0,2022-11-28,8.77,45,Trailing Stop
PR,2022-10-26,8.76,1.0,2022-11-09,8.67,14,Rotated Out
PR,2022-10-31,8.61,1.0,2022-11-28,8.77,28,Trailing Stop
PR,2022-11-04,9.34,1.0,2022-11-21,9.03,17,Rotated Out
PR,2022-11-07,9.84,1.0,2022-11-21,9.03,14,Rotated Out
PR,2022-11-08,9.61,1.0,2022-11-22,9.48,14,Rotated Out
PR,2022-11-15,10.06,1.0,2022-11-28,8.77,13,Trailing Stop
PR,2023-10-13,13.44,1.0,2023-11-06,12.86,24,Rotated Out
PR,2023-10-18,13.81,1.0,2023-11-02,13.51,15,Rotated Out
PR,2023-10-19,14.01,1.0,2023-11-02,13.51,14,Rotated Out
PR,2023-10-20,13.64,1.0,2023-11-03,13.45,14,Rotated Out
PR,2023-10-24,13.49,1.0,2023-11-07,12.36,14,Rotated Out
PR,2023-10-25,13.56,1.0,2023-11-08,11.95,14,Rotated Out
PR,2023-10-31,13.2,1.0,2023-11-09,11.74,9,Trailing Stop
PSKY,2021-02-25,55.57,1.0,2021-03-12,84.65,15,Take Profit
PSKY,2021-03-01,59.69,1.0,2021-03-24,62.5,23,Trailing Stop
PSKY,2021-03-04,63.91,1.0,2021-03-24,62.5,20,Trailing Stop
PSKY,2021-03-05,66.01,1.0,2021-03-24,62.5,19,Trailing Stop
PSKY,2021-03-08,74.38,1.0,2021-03-24,62.5,16,Trailing Stop
PSKY,2021-03-11,76.71,1.0,2021-03-24,62.5,13,Trailing Stop
PSKY,2021-03-12,84.65,1.0,2021-03-24,62.5,12,Stop Loss
PSKY,2021-03-15,85.89,1.0,2021-03-24,62.5,9,Stop Loss
PSTG,2023-08-22,37.45,1.0,2023-09-13,37.31,22,Rotated Out
PTCT,2022-08-26,50.38,1.0,2022-09-22,50.05,27,Rotated Out
PTCT,2022-08-30,49.57,1.0,2022-09-23,49.16,24,Rotated Out
PTCT,2022-09-12,53.07,1.0,2022-09-26,48.25,14,Rotated Out
PTCT,2022-09-13,51.66,1.0,2022-09-27,49.4,14,Rotated Out
PTGX,2020-05-29,16.53,1.0,2020-07-10,16.29,42,Trailing Stop
PTGX,2020-06-04,16.22,1.0,2020-07-10,16.29,36,Trailing Stop
PTGX,2020-06-08,16.24,1.0,2020-07-10,16.29,32,Trailing Stop
PTGX,2020-06-12,16.18,1.0,2020-07-10,16.29,28,Trailing Stop
PTGX,2020-06-15,16.1,1.0,2020-07-10,16.29,25,Trailing Stop
PTGX,2020-07-10,16.29,1.0,2020-07-27,15.76,17,Rotated Out
PTGX,2020-07-15,16.97,1.0,2020-08-03,16.49,19,Rotated Out
PTGX,2020-07-21,17.24,1.0,2020-08-04,16.16,14,Rotated Out
PTGX,2020-07-23,16.28,1.0,2020-08-14,15.69,22,Trailing Stop
PTGX,2020-07-24,15.48,1.0,2020-08-14,15.69,21,Trailing Stop
PTGX,2020-07-31,15.73,1.0,2020-08-14,15.69,14,Trailing Stop
PTGX,2021-07-01,46.8,1.0,2021-07-27,45.51,26,Rotated Out
PTGX,2021-07-07,45.17,1.0,2021-09-10,45.08,65,Rotated Out
PTGX,2021-07-12,46.32,1.0,2021-07-27,45.51,15,Rotated Out
PTGX,2021-07-13,46.12,1.0,2021-07-27,45.51,14,Rotated Out
PTGX,2021-07-16,45.82,1.0,2021-09-09,45.82,55,Rotated Out
PTGX,2021-07-20,48.4,1.0,2021-08-16,47.85,27,Rotated Out
PTGX,2021-07-21,47.96,1.0,2021-08-16,47.85,26,Rotated Out
PTGX,2021-07-29,47.12,1.0,2021-08-18,46.66,20,Rotated Out
PTGX,2021-07-30,49.43,1.0,2021-08-16,47.85,17,Rotated Out
PTGX,2021-08-02,49.08,1.0,2021-08-16,47.85,14,Rotated Out
PTGX,2021-08-09,49.07,1.0,2021-08-25,49.07,16,Rotated Out
PTGX,2021-12-16,28.94,1.0,2022-01-21,29.33,36,Trailing Stop
PTGX,2021-12-17,30.36,1.0,2022-01-21,29.33,35,Trailing Stop
PTGX,2021-12-20,31.68,1.0,2022-01-21,29.33,32,Trailing Stop
PTGX,2022-01-05,34.6,1.0,2022-01-19,34.27,14,Rotated Out
PTGX,2023-01-24,12.7,1.0,2023-03-07,23.09,42,Take Profit
PTGX,2023-01-25,13.15,1.0,2023-03-07,23.09,41,Take Profit
PTGX,2023-02-02,14.46,1.0,2023-03-07,23.09,33,Take Profit
PTGX,2023-02-03,14.33,1.0,2023-03-07,23.09,32,Take Profit
PTGX,2023-02-06,14.96,1.0,2023-03-07,23.09,29,Take Profit
PTGX,2023-02-07,15.83,1.0,2023-03-08,24.11,29,Take Profit
PTGX,2023-02-24,16.87,1.0,2023-03-13,25.38,17,Take Profit
PTGX,2023-03-27,21.76,1.0,2023-04-05,18.02,9,Trailing Stop
PTGX,2023-03-29,22.34,1.0,2023-04-05,18.02,7,Trailing Stop
PTGX,2023-03-31,23.0,1.0,2023-04-05,18.02,5,Stop Loss
PTGX,2023-04-26,23.26,1.0,2023-07-03,22.31,68,Trailing Stop
PTGX,2023-04-27,22.67,1.0,2023-07-03,22.31,67,Trailing Stop
PTGX,2023-05-01,23.55,1.0,2023-07-03,22.31,63,Trailing Stop
PTGX,2023-05-02,23.73,1.0,2023-07-03,22.31,62,Trailing Stop
PTGX,2023-05-03,24.45,1.0,2023-07-03,22.31,61,Trailing Stop
PTGX,2023-05-22,25.6,1.0,2023-07-03,22.31,42,Trailing Stop
PTGX,2024-01-16,24.63,1.0,2024-03-22,28.03,66,Trailing Stop
PTGX,2024-01-17,24.69,1.0,2024-03-22,28.03,65,Trailing Stop
PTGX,2024-01-22,25.0,1.0,2024-03-22,28.03,60,Trailing Stop
PTGX,2024-01-23,24.98,1.0,2024-03-22,28.03,59,Trailing Stop
PTGX,2024-07-24,41.89,1.0,2024-08-05,35.79,12,Trailing Stop
PTGX,2024-08-05,35.79,1.0,2024-11-14,41.04,101,Trailing Stop
PTGX,2024-08-28,42.75,1.0,2024-11-13,42.67,77,Rotated Out
PWR,2020-11-02,65.81,1.0,2021-03-02,83.46,120,Time Stop
QCOM,2022-01-20,152.26,1.0,2022-02-11,150.55,22,Trailing Stop
QCOM,2022-01-21,150.82,1.0,2022-02-11,150.55,21,Trailing Stop
RBA,2022-07-14,62.44,1.0,2022-09-13,62.42,61,Rotated Out
RCL,2022-10-25,50.02,1.0,2022-12-16,52.49,52,Trailing Stop
RDNT,2021-06-16,36.0,1.0,2021-07-01,34.39,15,Rotated Out
RDNT,2021-07-27,34.85,1.0,2021-08-10,33.67,14,Rotated Out
RDNT,2021-08-03,38.08,1.0,2021-08-11,33.35,8,Trailing Stop
REGN,2020-03-09,471.26,1.0,2020-03-25,426.9,16,Trailing Stop
REGN,2020-03-11,461.58,1.0,2020-03-25,426.9,14,Trailing Stop
REGN,2020-04-20,564.18,1.0,2020-05-06,549.79,16,Rotated Out
REGN,2020-04-24,562.41,1.0,2020-05-12,553.8,18,Rotated Out
REGN,2020-05-08,559.62,1.0,2020-05-26,541.55,18,Rotated Out
REZI,2020-07-15,12.89,1.0,2020-08-03,11.11,19,Trailing Stop
REZI,2020-07-21,13.58,1.0,2020-08-03,11.11,13,Trailing Stop
REZI,2020-07-24,13.09,1.0,2020-08-03,11.11,10,Trailing Stop
REZI,2020-07-27,13.46,1.0,2020-08-03,11.11,7,Trailing Stop
REZI,2020-07-30,13.55,1.0,2020-08-03,11.11,4,Trailing Stop
REZI,2020-08-21,13.62,1.0,2020-09-04,13.2,14,Rotated Out
REZI,2020-08-25,13.87,1.0,2020-09-08,12.86,14,Rotated Out
REZI,2020-08-28,13.66,1.0,2020-09-11,12.59,14,Rotated Out
REZI,2021-01-21,25.11,1.0,2021-02-04,24.77,14,Rotated Out
REZI,2021-01-22,25.06,1.0,2021-02-05,25.03,14,Rotated Out
REZI,2021-01-25,25.18,1.0,2021-02-25,24.69,31,Trailing Stop
REZI,2021-01-27,24.36,1.0,2021-02-25,24.69,29,Trailing Stop
REZI,2021-02-01,24.29,1.0,2021-02-25,24.69,24,Trailing Stop
REZI,2025-08-21,32.11,1.0,2025-11-06,31.31,77,Trailing Stop
REZI,2025-08-25,34.41,1.0,2025-11-06,31.31,73,Trailing Stop
REZI,2025-09-04,35.14,1.0,2025-11-06,31.31,63,Trailing Stop
REZI,2025-10-21,42.7,1.0,2025-11-04,41.43,14,Rotated Out
RGEN,2020-05-26,133.35,1.0,2020-06-08,116.76,13,Trailing Stop
RGEN,2021-08-30,282.84,1.0,2021-10-01,281.6,32,Trailing Stop
RGEN,2021-09-21,314.18,1.0,2021-10-01,281.6,10,Trailing Stop
RGEN,2021-09-23,324.21,1.0,2021-10-01,281.6,8,Trailing Stop
RGLD,2025-04-21,184.64,1.0,2025-05-05,178.0,14,Rotated Out
RGLD,2025-04-23,179.33,1.0,2025-05-08,177.49,15,Rotated Out
RGLD,2025-04-28,179.59,1.0,2025-05-12,169.69,14,Rotated Out
RGLD,2025-05-01,176.85,1.0,2025-05-15,168.12,14,Rotated Out
RGLD,2025-05-06,183.26,1.0,2025-05-20,176.34,14,Rotated Out
RGLD,2026-01-29,291.98,1.0,2026-02-05,253.63,7,Trailing Stop
RMBS,2022-12-09,37.4,1.0,2022-12-23,35.99,14,Rotated Out
RMBS,2022-12-12,38.01,1.0,2022-12-27,35.98,15,Rotated Out
RMBS,2022-12-13,38.24,1.0,2022-12-27,35.98,14,Rotated Out
RMBS,2023-05-30,65.54,1.0,2023-06-13,63.34,14,Rotated Out
ROIV,2022-12-01,5.8,1.0,2023-01-06,9.25,36,Take Profit
ROIV,2022-12-06,6.33,1.0,2023-01-10,9.82,35,Take Profit
ROIV,2022-12-07,6.6,1.0,2023-01-12,9.98,36,Take Profit
ROIV,2022-12-09,7.0,1.0,2023-01-19,8.75,41,Trailing Stop
ROIV,2022-12-13,6.96,1.0,2023-01-19,8.75,37,Trailing Stop
ROIV,2023-01-27,8.55,1.0,2023-02-24,7.73,28,Trailing Stop
ROIV,2023-01-30,8.26,1.0,2023-02-24,7.73,25,Trailing Stop
ROIV,2023-02-14,8.74,1.0,2023-02-24,7.73,10,Trailing Stop
ROIV,2023-02-15,8.9,1.0,2023-02-24,7.73,9,Trailing Stop
ROIV,2023-02-16,8.73,1.0,2023-03-02,8.1,14,Rotated Out
ROIV,2023-02-17,8.62,1.0,2023-03-03,8.05,14,Rotated Out
ROIV,2023-02-21,8.57,1.0,2023-03-07,8.17,14,Rotated Out
ROIV,2023-02-23,8.22,1.0,2023-03-09,7.69,14,Rotated Out
RRC,2020-04-29,5.93,1.0,2020-05-13,5.19,14,Trailing Stop
RRC,2020-04-30,5.62,1.0,2020-05-13,5.19,13,Trailing Stop
RRC,2020-05-05,5.7,1.0,2020-05-13,5.19,8,Trailing Stop
RRC,2020-05-06,5.63,1.0,2020-05-13,5.19,7,Trailing Stop
RRC,2020-05-08,5.96,1.0,2020-05-13,5.19,5,Trailing Stop
RRC,2021-06-14,14.85,1.0,2021-07-16,14.34,32,Trailing Stop
RRC,2021-06-15,15.0,1.0,2021-07-16,14.34,31,Trailing Stop
RRC,2021-07-06,15.05,1.0,2021-07-16,14.34,10,Trailing Stop
RRC,2021-07-07,15.28,1.0,2021-07-16,14.34,9,Trailing Stop
RRC,2021-07-09,16.34,1.0,2021-07-16,14.34,7,Trailing Stop
RRC,2021-07-12,16.07,1.0,2021-07-19,13.9,7,Trailing Stop
RRC,2021-07-13,16.13,1.0,2021-07-19,13.9,6,Trailing Stop
RRC,2021-07-15,14.94,1.0,2021-08-02,14.19,18,Rotated Out
RRC,2021-07-16,14.34,1.0,2021-08-02,14.19,17,Rotated Out
RRC,2021-07-19,13.9,1.0,2021-08-13,13.28,25,Trailing Stop
RRC,2021-07-20,14.25,1.0,2021-08-04,14.06,15,Rotated Out
RRC,2021-07-21,15.01,1.0,2021-08-04,14.06,14,Rotated Out
RRC,2021-11-10,21.8,1.0,2021-11-19,19.88,9,Trailing Stop
RRC,2021-11-18,21.22,1.0,2021-12-01,17.45,13,Trailing Stop
RRC,2021-11-22,20.21,1.0,2021-12-01,17.45,9,Trailing Stop
RRR,2020-10-21,14.67,1.0,2021-02-08,22.39,110,Take Profit
RRR,2020-10-23,16.2,1.0,2020-11-12,15.96,20,Rotated Out
RRR,2020-10-26,15.67,1.0,2021-02-23,23.52,120,Take Profit
RRR,2020-10-29,15.04,1.0,2021-02-12,22.99,106,Take Profit
RRR,2020-10-30,15.31,1.0,2021-02-12,22.99,105,Take Profit
SAIA,2023-08-23,419.87,1.0,2023-09-13,417.97,21,Rotated Out
SATS,2025-03-03,31.07,1.0,2025-03-10,25.18,7,Trailing Stop
SATS,2025-03-04,31.04,1.0,2025-03-10,25.18,6,Trailing Stop
SATS,2025-03-05,30.79,1.0,2025-03-10,25.18,5,Trailing Stop
SATS,2025-09-29,73.65,1.0,2025-11-12,69.63,44,Trailing Stop
SATS,2025-09-30,76.36,1.0,2025-11-12,69.63,43,Trailing Stop
SATS,2025-10-10,74.0,1.0,2025-11-24,70.92,45,Rotated Out
SATS,2025-11-12,69.63,1.0,2025-12-12,107.37,30,Take Profit
SATS,2026-01-14,131.09,1.0,2026-01-29,113.46,15,Trailing Stop
SATS,2026-01-27,125.81,1.0,2026-02-04,110.69,8,Trailing Stop
SATS,2026-02-10,115.67,1.0,2026-02-24,106.9,14,Rotated Out
SBAC,2020-03-11,254.89,1.0,2020-03-19,227.46,8,Trailing Stop
SBAC,2020-03-13,261.56,1.0,2020-03-19,227.46,6,Trailing Stop
SBRA,2022-07-18,10.73,1.0,2022-09-14,10.46,58,Trailing Stop
SFM,2020-05-08,25.18,1.0,2020-05-22,24.29,14,Rotated Out
SFM,2020-05-11,26.52,1.0,2020-05-26,24.44,15,Rotated Out
SFM,2020-05-14,24.63,1.0,2020-06-10,24.31,27,Rotated Out
SFM,2020-05-19,25.3,1.0,2020-06-04,24.93,16,Rotated Out
SFM,2020-05-20,25.31,1.0,2020-06-04,24.93,15,Rotated Out
SFM,2020-05-27,24.82,1.0,2020-06-10,24.31,14,Rotated Out
SFM,2022-01-19,29.17,1.0,2022-02-02,28.09,14,Rotated Out
SFM,2022-01-21,28.57,1.0,2022-02-22,28.47,32,Rotated Out
SFM,2022-01-24,29.27,1.0,2022-02-07,28.74,14,Rotated Out
SITM,2020-02-18,28.0,1.0,2020-02-25,27.12,7,Trailing Stop
SITM,2020-02-19,30.25,1.0,2020-02-25,27.12,6,Trailing Stop
SITM,2020-02-25,27.12,1.0,2020-02-28,22.66,3,Trailing Stop
SITM,2020-02-28,22.66,1.0,2020-03-09,21.02,10,Trailing Stop
SITM,2020-07-15,48.59,1.0,2020-07-28,50.66,13,Trailing Stop
SITM,2020-07-21,54.02,1.0,2020-09-08,66.67,49,Trailing Stop
SITM,2020-07-23,54.29,1.0,2020-09-08,66.67,47,Trailing Stop
SITM,2020-07-24,51.3,1.0,2020-09-02,77.47,40,Take Profit
SITM,2020-07-28,50.66,1.0,2020-09-02,77.47,36,Take Profit
SITM,2020-07-31,53.15,1.0,2020-09-08,66.67,39,Trailing Stop
SITM,2020-08-03,54.85,1.0,2020-09-08,66.67,36,Trailing Stop
SITM,2020-08-06,61.58,1.0,2020-09-08,66.67,33,Trailing Stop
SITM,2020-08-07,58.92,1.0,2020-09-08,66.67,32,Trailing Stop
SITM,2020-08-18,67.43,1.0,2020-09-08,66.67,21,Trailing Stop
SITM,2020-08-28,68.04,1.0,2020-09-08,66.67,11,Trailing Stop
SITM,2020-09-02,77.47,1.0,2020-09-08,66.67,6,Trailing Stop
SITM,2020-09-25,78.27,1.0,2020-11-10,90.28,46,Trailing Stop
SITM,2020-09-28,81.85,1.0,2020-11-10,90.28,43,Trailing Stop
SITM,2020-10-06,83.97,1.0,2020-10-30,83.49,24,Rotated Out
SITM,2020-10-08,83.62,1.0,2020-11-10,90.28,33,Trailing Stop
SITM,2020-10-22,91.09,1.0,2020-11-10,90.28,19,Trailing Stop
SITM,2020-10-26,91.11,1.0,2020-11-10,90.28,15,Trailing Stop
SITM,2020-11-06,103.5,1.0,2020-11-10,90.28,4,Trailing Stop
SITM,2021-08-02,133.75,1.0,2021-08-10,204.82,8,Take Profit
SITM,2021-08-04,141.0,1.0,2021-08-30,211.81,26,Take Profit
SITM,2021-08-25,195.58,1.0,2021-09-28,202.05,34,Trailing Stop
SITM,2021-08-30,211.81,1.0,2021-09-28,202.05,29,Trailing Stop
SITM,2021-09-02,215.65,1.0,2021-09-28,202.05,26,Trailing Stop
SITM,2021-09-08,222.52,1.0,2021-09-28,202.05,20,Trailing Stop
SITM,2021-09-09,216.52,1.0,2021-09-28,202.05,19,Trailing Stop
SITM,2021-09-21,216.72,1.0,2021-09-28,202.05,7,Trailing Stop
SITM,2021-09-29,190.99,1.0,2021-11-04,290.0,36,Take Profit
SITM,2021-09-30,204.17,1.0,2021-11-09,243.94,40,Trailing Stop
SITM,2021-10-01,208.55,1.0,2021-11-09,243.94,39,Trailing Stop
SITM,2021-10-12,209.36,1.0,2021-11-09,243.94,28,Trailing Stop
SITM,2021-10-13,214.01,1.0,2021-11-09,243.94,27,Trailing Stop
SITM,2021-10-20,221.6,1.0,2021-11-09,243.94,20,Trailing Stop
SITM,2021-10-25,239.83,1.0,2021-11-09,243.94,15,Trailing Stop
SITM,2023-08-09,136.81,1.0,2023-08-23,131.08,14,Rotated Out
SITM,2024-07-02,128.24,1.0,2024-07-30,132.16,28,Trailing Stop
SITM,2024-07-09,147.6,1.0,2024-07-30,132.16,21,Trailing Stop
SITM,2024-07-19,145.19,1.0,2024-07-30,132.16,11,Trailing Stop
SITM,2024-07-22,154.17,1.0,2024-07-30,132.16,8,Trailing Stop
SITM,2024-07-24,147.78,1.0,2024-08-01,126.7,8,Trailing Stop
SITM,2024-07-31,141.95,1.0,2024-08-02,113.52,2,Stop Loss
SKY,2021-08-16,62.4,1.0,2021-09-08,61.88,23,Rotated Out
SLAB,2025-02-14,149.54,1.0,2025-02-27,135.98,13,Trailing Stop
SLAB,2025-02-20,158.7,1.0,2025-02-27,135.98,7,Trailing Stop
SLAB,2025-02-21,155.33,1.0,2025-02-27,135.98,6,Trailing Stop
SLAB,2025-02-27,135.98,1.0,2025-03-12,121.68,13,Trailing Stop
SLAB,2025-02-28,140.3,1.0,2025-03-12,121.68,12,Trailing Stop
SM,2021-02-02,8.4,1.0,2021-02-16,12.86,14,Take Profit
SM,2021-02-11,10.93,1.0,2021-02-18,10.24,7,Trailing Stop
SM,2021-02-12,11.71,1.0,2021-02-18,10.24,6,Trailing Stop
SM,2021-02-16,12.86,1.0,2021-02-18,10.24,2,Stop Loss
SM,2021-02-17,12.97,1.0,2021-02-18,10.24,1,Stop Loss
SM,2021-05-20,16.07,1.0,2021-06-17,19.45,28,Trailing Stop
SM,2021-10-22,28.44,1.0,2021-11-17,30.34,26,Trailing Stop
SM,2021-10-25,30.13,1.0,2021-11-17,30.34,23,Trailing Stop
SM,2021-10-26,31.06,1.0,2021-11-17,30.34,22,Trailing Stop
SM,2021-10-27,29.79,1.0,2021-11-17,30.34,21,Trailing Stop
SM,2021-11-02,33.66,1.0,2021-11-17,30.34,15,Trailing Stop
SM,2021-11-03,32.43,1.0,2021-11-17,30.34,14,Trailing Stop
SM,2021-11-04,32.79,1.0,2021-11-17,30.34,13,Trailing Stop
SM,2021-11-09,34.51,1.0,2021-11-17,30.34,8,Trailing Stop
SM,2021-11-10,31.5,1.0,2021-11-19,27.89,9,Trailing Stop
SM,2021-11-15,32.09,1.0,2021-11-19,27.89,4,Trailing Stop
SM,2021-11-17,30.34,1.0,2021-11-26,26.48,9,Trailing Stop
SM,2021-11-19,27.89,1.0,2021-11-26,26.48,7,Trailing Stop
SM,2021-11-22,28.07,1.0,2021-11-26,26.48,4,Trailing Stop
SM,2021-11-24,30.76,1.0,2021-11-26,26.48,2,Trailing Stop
SM,2023-08-17,37.89,1.0,2023-09-11,37.83,25,Rotated Out
SM,2023-08-23,38.11,1.0,2023-09-11,37.83,19,Rotated Out
SM,2023-08-24,37.46,1.0,2023-09-15,37.21,22,Rotated Out
SM,2023-08-25,38.39,1.0,2023-09-11,37.83,17,Rotated Out
SM,2023-08-28,38.59,1.0,2023-09-11,37.83,14,Rotated Out
SM,2026-04-16,28.08,1.0,2026-05-27,30.63,41,Trailing Stop
SM,2026-04-29,31.23,1.0,2026-05-13,31.17,14,Rotated Out
SM,2026-05-04,31.38,1.0,2026-05-27,30.63,23,Trailing Stop
SM,2026-05-18,33.17,1.0,2026-05-27,30.63,9,Trailing Stop
SM,2026-05-19,34.32,1.0,2026-05-27,30.63,8,Trailing Stop
SMCI,2022-10-07,5.89,1.0,2022-11-23,9.12,47,Take Profit
SMCI,2022-12-20,8.33,1.0,2023-01-04,8.23,15,Rotated Out
SMCI,2023-05-23,16.19,1.0,2023-06-08,25.43,16,Take Profit
SMCI,2023-06-15,24.39,1.0,2023-08-09,26.61,55,Trailing Stop
SMCI,2023-06-21,21.99,1.0,2023-07-28,33.45,37,Take Profit
SMCI,2023-06-22,22.65,1.0,2023-08-07,35.33,46,Take Profit
SMCI,2023-07-03,24.92,1.0,2023-08-09,26.61,37,Trailing Stop
SMCI,2023-07-10,26.99,1.0,2023-08-09,26.61,30,Trailing Stop
SMCI,2023-07-28,33.45,1.0,2023-08-09,26.61,12,Stop Loss
SMCI,2023-08-07,35.33,1.0,2023-08-09,26.61,2,Stop Loss
SMCI,2024-02-08,69.8,1.0,2024-02-16,80.33,8,Trailing Stop
SMCI,2024-02-09,74.03,1.0,2024-02-16,80.33,7,Trailing Stop
SMCI,2024-02-13,79.15,1.0,2024-02-16,80.33,3,Trailing Stop
SMCI,2024-02-14,88.06,1.0,2024-02-16,80.33,2,Trailing Stop
SMCI,2024-04-02,100.99,1.0,2024-04-15,88.28,13,Trailing Stop
SMCI,2024-04-04,95.8,1.0,2024-04-19,71.36,15,Stop Loss
SMCI,2024-04-08,92.85,1.0,2024-04-19,71.36,11,Stop Loss
SMCI,2024-04-15,88.28,1.0,2024-04-19,71.36,4,Trailing Stop
SMCI,2025-08-05,57.26,1.0,2025-08-06,46.79,1,Trailing Stop
SMTC,2024-04-30,37.62,1.0,2024-06-07,31.18,38,Trailing Stop
SMTC,2024-05-01,37.64,1.0,2024-06-07,31.18,37,Trailing Stop
SMTC,2024-05-02,38.68,1.0,2024-06-07,31.18,36,Trailing Stop
SMTC,2024-05-24,40.25,1.0,2024-06-07,31.18,14,Stop Loss
SMTC,2024-09-23,46.22,1.0,2024-10-02,41.06,9,Trailing Stop
SNDK,2025-09-24,99.83,1.0,2025-10-23,167.05,29,Take Profit
SNDK,2026-01-30,576.25,1.0,2026-02-04,584.55,5,Trailing Stop
SNDK,2026-02-26,627.92,1.0,2026-03-06,527.33,8,Trailing Stop
SNDK,2026-03-04,599.06,1.0,2026-03-25,677.86,21,Trailing Stop
SNDK,2026-03-06,527.33,1.0,2026-03-25,677.86,19,Trailing Stop
SNEX,2025-05-02,92.81,1.0,2025-05-16,87.52,14,Rotated Out
SNEX,2025-05-05,92.43,1.0,2025-05-19,88.6,14,Rotated Out
SPXC,2022-07-07,54.44,1.0,2022-09-06,56.21,61,Trailing Stop
SPXC,2022-07-22,56.6,1.0,2022-09-06,56.21,46,Trailing Stop
SPXC,2022-07-26,56.57,1.0,2022-09-06,56.21,42,Trailing Stop
SPXC,2022-07-27,56.5,1.0,2022-09-06,56.21,41,Trailing Stop
SPXC,2022-07-28,58.38,1.0,2022-08-30,57.35,33,Rotated Out
STEP,2024-08-15,51.55,1.0,2024-09-06,51.02,22,Rotated Out
STEP,2024-08-16,51.62,1.0,2024-09-06,51.02,21,Rotated Out
STLD,2022-04-26,82.65,1.0,2022-05-09,72.91,13,Trailing Stop
STLD,2022-12-13,105.23,1.0,2022-12-27,98.1,14,Rotated Out
STRL,2023-08-28,79.16,1.0,2023-09-11,77.43,14,Rotated Out
STRL,2023-08-30,80.97,1.0,2023-09-13,73.69,14,Rotated Out
STRL,2023-09-05,80.54,1.0,2023-09-20,74.48,15,Rotated Out
STRL,2025-05-13,187.48,1.0,2025-08-05,296.58,84,Take Profit
STRL,2025-05-15,184.79,1.0,2025-08-05,296.58,82,Take Profit
STRL,2025-05-16,188.57,1.0,2025-08-05,296.58,81,Take Profit
STRL,2025-05-19,185.98,1.0,2025-08-05,296.58,78,Take Profit
STRL,2025-05-20,187.19,1.0,2025-08-05,296.58,77,Take Profit
STRL,2025-05-21,182.09,1.0,2025-08-05,296.58,76,Take Profit
STRL,2025-05-22,182.29,1.0,2025-08-05,296.58,75,Take Profit
STRL,2025-05-27,191.42,1.0,2025-08-05,296.58,70,Take Profit
STX,2026-05-11,834.01,1.0,2026-05-19,733.35,8,Trailing Stop
SWX,2022-05-09,78.83,1.0,2022-06-13,77.15,35,Rotated Out
T,2022-06-30,16.97,1.0,2022-07-14,16.68,14,Rotated Out
TDS,2023-08-28,17.61,1.0,2023-09-08,17.44,11,Trailing Stop
TDS,2023-08-30,20.22,1.0,2023-09-08,17.44,9,Trailing Stop
TDS,2023-09-05,19.47,1.0,2023-09-11,16.93,6,Trailing Stop
TDS,2023-09-08,17.44,1.0,2023-11-10,17.37,63,Rotated Out
TDS,2023-09-11,16.93,1.0,2023-12-06,17.82,86,Trailing Stop
TDS,2023-09-13,16.83,1.0,2023-12-06,17.82,84,Trailing Stop
TDS,2023-09-15,16.69,1.0,2023-12-06,17.82,82,Trailing Stop
TDS,2023-09-19,17.35,1.0,2023-12-06,17.82,78,Trailing Stop
TDS,2023-10-25,17.49,1.0,2023-11-10,17.37,16,Rotated Out
TDS,2023-10-31,17.63,1.0,2023-12-06,17.82,36,Trailing Stop
TDS,2024-08-01,20.96,1.0,2024-08-15,20.26,14,Rotated Out
THC,2020-01-03,37.95,1.0,2020-01-17,37.14,14,Rotated Out
THC,2023-04-25,70.84,1.0,2023-05-09,70.2,14,Rotated Out
THO,2020-06-11,90.5,1.0,2020-07-09,87.37,28,Trailing Stop
THO,2020-06-12,95.53,1.0,2020-07-06,92.41,24,Rotated Out
TLN,2025-08-14,380.6,1.0,2025-08-29,378.92,15,Rotated Out
TPL,2021-02-18,115.95,1.0,2021-03-17,178.42,27,Take Profit
TPL,2021-02-25,116.16,1.0,2021-03-17,178.42,20,Take Profit
TPL,2021-03-08,131.74,1.0,2021-03-23,149.37,15,Trailing Stop
TPL,2021-03-11,148.18,1.0,2021-03-23,149.37,12,Trailing Stop
TPL,2021-03-15,163.15,1.0,2021-03-23,149.37,8,Trailing Stop
TPL,2021-03-17,178.42,1.0,2021-03-23,149.37,6,Trailing Stop
TPL,2021-03-18,161.41,1.0,2021-03-23,149.37,5,Trailing Stop
TPL,2021-04-12,167.38,1.0,2021-05-18,164.6,36,Rotated Out
TPL,2021-04-15,164.85,1.0,2021-05-18,164.6,33,Rotated Out
TPL,2021-04-19,161.9,1.0,2021-05-19,158.62,30,Trailing Stop
TPL,2021-05-03,168.47,1.0,2021-05-18,164.6,15,Rotated Out
TPL,2022-07-22,184.17,1.0,2022-08-05,177.41,14,Rotated Out
TPL,2022-07-25,189.52,1.0,2022-08-08,183.2,14,Rotated Out
TPL,2022-07-26,189.88,1.0,2022-08-09,183.21,14,Rotated Out
TPL,2022-07-27,195.83,1.0,2022-08-10,185.27,14,Rotated Out
TPL,2022-11-09,280.1,1.0,2022-11-23,276.36,14,Rotated Out
TPL,2022-12-15,284.27,1.0,2022-12-29,250.34,14,Rotated Out
TPL,2023-09-20,201.89,1.0,2023-10-04,189.73,14,Rotated Out
TPL,2023-09-21,202.02,1.0,2023-10-05,190.99,14,Rotated Out
TPL,2023-09-22,198.81,1.0,2023-10-06,190.9,14,Rotated Out
TPL,2023-09-25,200.89,1.0,2023-10-09,195.4,14,Rotated Out
TPL,2023-10-19,212.24,1.0,2023-11-02,194.17,14,Rotated Out
TPL,2024-07-31,279.26,1.0,2024-08-16,271.52,16,Rotated Out
TPL,2024-08-01,272.02,1.0,2024-08-16,271.52,15,Rotated Out
TPL,2024-11-27,541.69,1.0,2024-12-04,459.81,7,Trailing Stop
TPL,2026-02-23,502.77,1.0,2026-03-30,467.37,35,Trailing Stop
TPL,2026-03-04,536.11,1.0,2026-03-27,511.75,23,Rotated Out
TPL,2026-03-05,523.31,1.0,2026-03-27,511.75,22,Rotated Out
TPL,2026-03-20,519.41,1.0,2026-03-30,467.37,10,Trailing Stop
TPR,2020-10-30,19.64,1.0,2021-01-06,30.31,68,Take Profit
TPR,2020-11-02,20.87,1.0,2021-01-27,27.04,86,Trailing Stop
TPR,2020-11-06,21.48,1.0,2021-01-27,27.04,82,Trailing Stop
TPR,2020-11-10,22.97,1.0,2021-01-27,27.04,78,Trailing Stop
TPR,2020-11-16,24.1,1.0,2021-01-27,27.04,72,Trailing Stop
TPR,2020-11-18,24.71,1.0,2021-01-27,27.04,70,Trailing Stop
TPR,2020-11-23,25.5,1.0,2020-12-18,25.49,25,Rotated Out
TPR,2020-11-24,26.6,1.0,2020-12-09,26.17,15,Rotated Out
TPR,2025-02-18,87.59,1.0,2025-03-06,76.82,16,Trailing Stop
TPR,2025-02-20,85.15,1.0,2025-03-07,74.05,15,Trailing Stop
TPR,2025-02-21,83.25,1.0,2025-03-07,74.05,14,Trailing Stop
TPR,2025-03-06,76.82,1.0,2025-03-20,72.06,14,Rotated Out
TRGP,2020-07-15,16.98,1.0,2020-07-30,16.72,15,Rotated Out
TSLA,2020-01-03,29.53,1.0,2020-02-03,52.0,31,Take Profit
TSLA,2020-02-26,51.92,1.0,2020-02-27,45.27,1,Trailing Stop
TSLA,2020-08-20,133.46,1.0,2020-09-03,135.67,14,Trailing Stop
TSLA,2020-08-21,136.67,1.0,2020-09-03,135.67,13,Trailing Stop
TSLA,2020-08-28,147.56,1.0,2020-09-03,135.67,6,Trailing Stop
TSLA,2020-09-01,158.35,1.0,2020-09-03,135.67,2,Trailing Stop
TSLA,2021-01-08,293.34,1.0,2021-01-22,282.21,14,Rotated Out
TSLA,2021-02-03,284.9,1.0,2021-02-17,266.05,14,Rotated Out
TSLA,2021-02-08,287.81,1.0,2021-02-22,238.17,14,Trailing Stop
TSLA,2021-10-25,341.62,1.0,2021-11-09,341.17,15,Trailing Stop
TSLA,2021-11-04,409.97,1.0,2021-11-09,341.17,5,Trailing Stop
TSLA,2021-11-18,365.46,1.0,2021-12-03,338.32,15,Trailing Stop
TSLA,2021-11-22,385.62,1.0,2021-12-03,338.32,11,Trailing Stop
TSLA,2021-11-24,372.0,1.0,2021-12-08,356.32,14,Rotated Out
TSLA,2021-11-29,379.0,1.0,2021-12-09,334.6,10,Trailing Stop
TSLA,2021-12-02,361.53,1.0,2021-12-16,308.97,14,Trailing Stop
TSLA,2023-03-29,193.88,1.0,2023-04-12,180.54,14,Trailing Stop
TSLA,2023-03-31,207.46,1.0,2023-04-12,180.54,12,Trailing Stop
TSLA,2024-07-22,251.51,1.0,2024-07-24,215.99,2,Trailing Stop
TSLA,2024-12-18,440.13,1.0,2024-12-31,403.84,13,Trailing Stop
TSLA,2024-12-19,436.17,1.0,2024-12-31,403.84,12,Trailing Stop
TTD,2021-08-09,81.32,1.0,2021-08-18,76.9,9,Trailing Stop
TTD,2021-08-10,87.53,1.0,2021-08-18,76.9,8,Trailing Stop
TTD,2021-08-11,82.4,1.0,2021-08-25,80.06,14,Rotated Out
TTD,2021-08-16,78.96,1.0,2021-09-02,78.02,17,Rotated Out
TTD,2021-08-17,79.26,1.0,2021-09-02,78.02,16,Rotated Out
TTMI,2025-06-30,40.82,1.0,2025-08-14,42.62,45,Trailing Stop
TTMI,2025-07-11,44.11,1.0,2025-08-01,43.34,21,Rotated Out
TTMI,2025-07-17,46.22,1.0,2025-08-01,43.34,15,Rotated Out
TTMI,2025-07-22,45.04,1.0,2025-08-05,43.85,14,Rotated Out
TTMI,2025-07-24,44.27,1.0,2025-08-07,43.36,14,Rotated Out
TWLO,2020-06-08,196.73,1.0,2020-08-07,249.0,60,Trailing Stop
TWLO,2020-06-11,188.42,1.0,2020-08-03,286.33,53,Take Profit
TWLO,2020-06-12,191.89,1.0,2020-08-07,249.0,56,Trailing Stop
TWLO,2020-07-30,267.45,1.0,2020-08-07,249.0,8,Trailing Stop
TWLO,2020-07-31,277.42,1.0,2020-08-07,249.0,7,Trailing Stop
TWLO,2020-08-03,286.33,1.0,2020-08-07,249.0,4,Trailing Stop
TWLO,2023-03-09,68.9,1.0,2023-03-23,62.38,14,Rotated Out
TWLO,2024-12-23,109.69,1.0,2025-01-10,108.08,18,Rotated Out
TWLO,2025-02-13,147.28,1.0,2025-02-14,125.17,1,Trailing Stop
UAL,2024-10-30,80.42,1.0,2025-02-21,95.89,114,Trailing Stop
UAL,2024-10-31,78.26,1.0,2025-02-21,95.89,113,Trailing Stop
UAL,2024-11-07,85.43,1.0,2025-02-21,95.89,106,Trailing Stop
UBER,2020-11-16,49.21,1.0,2021-01-26,51.92,71,Trailing Stop
UBER,2025-05-06,85.83,1.0,2025-05-29,84.3,23,Rotated Out
UHS,2022-12-29,138.82,1.0,2023-02-28,131.88,61,Trailing Stop
UHS,2023-01-03,140.61,1.0,2023-02-28,131.88,56,Trailing Stop
UHS,2023-01-04,143.73,1.0,2023-01-18,143.61,14,Rotated Out
UHS,2023-01-19,144.24,1.0,2023-02-06,142.91,18,Rotated Out
UHS,2023-01-20,147.38,1.0,2023-02-03,146.33,14,Rotated Out
UHS,2023-01-23,146.33,1.0,2023-02-06,142.91,14,Rotated Out
ULS,2024-08-02,50.31,1.0,2024-09-05,49.4,34,Rotated Out
ULS,2024-08-05,48.98,1.0,2024-09-06,48.09,32,Rotated Out
ULS,2024-08-16,51.4,1.0,2024-09-05,49.4,20,Rotated Out
URBN,2025-02-18,57.4,1.0,2025-03-04,56.77,14,Rotated Out
URBN,2025-02-20,54.72,1.0,2025-03-06,54.1,14,Rotated Out
URBN,2025-02-21,52.8,1.0,2025-03-13,49.87,20,Trailing Stop
UTHR,2022-06-17,219.38,1.0,2022-08-08,218.73,52,Rotated Out
UTHR,2022-06-22,232.31,1.0,2022-07-20,226.13,28,Rotated Out
UTHR,2022-06-23,240.86,1.0,2022-07-20,226.13,27,Rotated Out
UTHR,2022-07-07,240.2,1.0,2022-07-21,226.2,14,Rotated Out
UTHR,2022-07-14,237.13,1.0,2022-07-28,229.99,14,Rotated Out
UTHR,2022-07-27,231.0,1.0,2022-08-10,221.49,14,Rotated Out
UTHR,2024-06-27,316.93,1.0,2024-07-31,313.29,34,Rotated Out
UTHR,2024-06-28,318.55,1.0,2024-07-31,313.29,33,Rotated Out
UTHR,2024-07-01,319.01,1.0,2024-07-31,313.29,30,Rotated Out
VAL,2026-03-10,91.09,1.0,2026-04-17,88.56,38,Trailing Stop
VAL,2026-03-18,92.54,1.0,2026-04-17,88.56,30,Trailing Stop
VAL,2026-03-19,95.68,1.0,2026-04-17,88.56,29,Trailing Stop
VAL,2026-04-17,88.56,1.0,2026-05-26,96.33,39,Trailing Stop
VAL,2026-04-27,97.35,1.0,2026-05-11,97.32,14,Rotated Out
VAL,2026-04-28,101.97,1.0,2026-05-12,97.2,14,Rotated Out
VFC,2024-08-07,17.05,1.0,2024-08-21,16.5,14,Rotated Out
VFC,2024-08-13,17.24,1.0,2024-08-27,17.23,14,Rotated Out
VFC,2024-09-03,18.24,1.0,2024-09-17,17.91,14,Rotated Out
VIAV,2026-03-26,34.44,1.0,2026-04-30,52.4,35,Take Profit
VIAV,2026-03-27,34.64,1.0,2026-04-30,52.4,34,Take Profit
VICR,2020-01-17,54.29,1.0,2020-01-31,50.05,14,Rotated Out
VICR,2025-12-09,99.3,1.0,2026-01-16,149.88,38,Take Profit
VICR,2025-12-12,97.8,1.0,2026-01-16,149.88,35,Take Profit
VICR,2025-12-16,93.45,1.0,2026-01-09,142.31,24,Take Profit
VICR,2026-01-09,142.31,1.0,2026-02-05,148.19,27,Trailing Stop
VICR,2026-01-16,149.88,1.0,2026-02-05,148.19,20,Trailing Stop
VICR,2026-02-05,148.19,1.0,2026-03-05,181.92,28,Trailing Stop
VIRT,2020-03-05,18.78,1.0,2020-03-16,16.73,11,Trailing Stop
VIRT,2020-03-06,18.84,1.0,2020-03-16,16.73,10,Trailing Stop
VIRT,2020-03-09,19.22,1.0,2020-03-16,16.73,7,Trailing Stop
VIRT,2020-03-11,19.4,1.0,2020-03-16,16.73,5,Trailing Stop
VIRT,2020-03-16,16.73,1.0,2020-05-18,18.17,63,Trailing Stop
VIRT,2020-03-30,17.28,1.0,2020-05-18,18.17,49,Trailing Stop
VIRT,2020-04-24,19.48,1.0,2020-05-08,19.07,14,Rotated Out
VIRT,2024-09-04,30.23,1.0,2024-09-20,29.99,16,Rotated Out
VIRT,2024-09-05,30.46,1.0,2024-09-20,29.99,15,Rotated Out
VIRT,2024-09-06,30.16,1.0,2024-09-20,29.99,14,Rotated Out
VLO,2022-06-14,119.34,1.0,2022-06-17,100.33,3,Trailing Stop
VNO,2023-08-08,22.4,1.0,2023-09-25,21.19,48,Rotated Out
VNO,2023-08-09,21.57,1.0,2023-09-25,21.19,47,Rotated Out
VNO,2023-08-28,22.13,1.0,2023-09-25,21.19,28,Rotated Out
VNO,2023-08-30,22.83,1.0,2023-09-25,21.19,26,Rotated Out
VNO,2023-09-05,23.04,1.0,2023-09-25,21.19,20,Rotated Out
VNO,2023-09-11,23.9,1.0,2023-09-25,21.19,14,Rotated Out
VNO,2024-08-21,33.23,1.0,2024-09-04,32.41,14,Rotated Out
VRSN,2025-02-27,232.13,1.0,2025-03-13,230.68,14,Rotated Out
VRSN,2025-02-28,234.95,1.0,2025-04-07,231.6,38,Rotated Out
VRSN,2025-03-06,236.98,1.0,2025-04-07,231.6,32,Rotated Out
VRSN,2025-05-01,276.25,1.0,2025-05-27,266.96,26,Rotated Out
VRSN,2025-05-06,279.73,1.0,2025-05-20,278.14,14,Rotated Out
VSAT,2021-03-18,52.94,1.0,2021-04-01,50.34,14,Rotated Out
VSAT,2021-04-05,51.37,1.0,2021-04-19,49.3,14,Rotated Out
VSAT,2024-01-02,28.04,1.0,2024-01-12,24.51,10,Trailing Stop
VSAT,2024-01-03,27.13,1.0,2024-01-17,23.48,14,Trailing Stop
VSAT,2025-08-01,16.58,1.0,2025-08-06,27.82,5,Take Profit
VSAT,2025-08-26,30.8,1.0,2025-09-24,28.5,29,Trailing Stop
VSAT,2025-08-28,32.53,1.0,2025-09-24,28.5,27,Trailing Stop
VSAT,2025-09-02,31.02,1.0,2025-09-24,28.5,22,Trailing Stop
VSAT,2025-09-16,31.69,1.0,2025-09-29,28.41,13,Trailing Stop
VSAT,2025-10-08,35.65,1.0,2025-11-06,35.49,29,Rotated Out
VSAT,2025-10-28,39.41,1.0,2025-11-11,38.11,14,Rotated Out
VSCO,2023-12-01,28.53,1.0,2023-12-15,25.89,14,Rotated Out
VSCO,2023-12-07,26.74,1.0,2024-01-03,24.89,27,Trailing Stop
VSCO,2023-12-11,26.36,1.0,2024-01-03,24.89,23,Trailing Stop
VSCO,2023-12-26,28.82,1.0,2024-01-03,24.89,8,Trailing Stop
VSCO,2024-01-02,27.12,1.0,2024-01-09,23.5,7,Trailing Stop
VSCO,2024-01-03,24.89,1.0,2024-01-17,23.15,14,Rotated Out
VSCO,2024-10-02,25.39,1.0,2024-11-29,38.84,58,Take Profit
VSCO,2024-11-07,35.85,1.0,2024-11-21,34.97,14,Rotated Out
VSCO,2024-11-11,34.97,1.0,2024-12-19,42.42,38,Trailing Stop
VSCO,2024-12-09,47.2,1.0,2024-12-19,42.42,10,Trailing Stop
VSCO,2024-12-10,46.63,1.0,2024-12-19,42.42,9,Trailing Stop
VSCO,2024-12-20,44.96,1.0,2025-01-06,39.72,17,Rotated Out
VSCO,2025-12-29,56.05,1.0,2026-01-27,55.89,29,Trailing Stop
VSCO,2025-12-31,54.17,1.0,2026-01-27,55.89,27,Trailing Stop
VSCO,2026-01-02,53.36,1.0,2026-01-27,55.89,25,Trailing Stop
VSCO,2026-01-06,58.39,1.0,2026-01-27,55.89,21,Trailing Stop
VSCO,2026-01-08,62.81,1.0,2026-01-27,55.89,19,Trailing Stop
VSCO,2026-01-12,63.11,1.0,2026-01-27,55.89,15,Trailing Stop
VSCO,2026-01-21,65.04,1.0,2026-01-27,55.89,6,Trailing Stop
VSCO,2026-02-04,60.88,1.0,2026-02-23,60.87,19,Rotated Out
VSCO,2026-02-05,59.02,1.0,2026-03-05,52.71,28,Trailing Stop
VSCO,2026-02-09,61.8,1.0,2026-02-23,60.87,14,Rotated Out
VST,2024-03-15,60.61,1.0,2024-04-18,65.09,34,Trailing Stop
VST,2024-03-18,61.52,1.0,2024-04-18,65.09,31,Trailing Stop
VST,2024-03-19,62.92,1.0,2024-04-18,65.09,30,Trailing Stop
VST,2024-03-20,65.95,1.0,2024-04-18,65.09,29,Trailing Stop
VST,2024-03-22,68.26,1.0,2024-04-18,65.09,27,Trailing Stop
VST,2024-03-25,70.35,1.0,2024-04-18,65.09,24,Trailing Stop
VST,2024-04-02,70.3,1.0,2024-04-18,65.09,16,Trailing Stop
VST,2024-04-09,68.7,1.0,2024-05-28,104.93,49,Take Profit
VST,2024-04-15,67.4,1.0,2024-05-28,104.93,43,Take Profit
VST,2024-04-16,66.79,1.0,2024-05-24,100.88,38,Take Profit
VST,2024-04-18,65.09,1.0,2024-05-24,100.88,36,Take Profit
VST,2024-04-19,64.87,1.0,2024-05-24,100.88,35,Take Profit
VST,2024-05-02,78.91,1.0,2024-06-03,92.13,32,Trailing Stop
VST,2024-05-24,100.88,1.0,2024-06-03,92.13,10,Trailing Stop
VST,2024-05-28,104.93,1.0,2024-06-03,92.13,6,Trailing Stop
VST,2024-06-03,92.13,1.0,2024-06-17,83.03,14,Rotated Out
VST,2024-06-07,84.05,1.0,2024-07-17,75.48,40,Trailing Stop
VST,2024-06-11,90.13,1.0,2024-06-25,88.57,14,Rotated Out
VST,2024-11-08,140.9,1.0,2024-12-10,140.52,32,Trailing Stop
VST,2024-11-21,165.43,1.0,2024-12-06,158.85,15,Rotated Out
WAL,2021-03-04,84.09,1.0,2021-04-05,83.93,32,Rotated Out
WAL,2021-03-05,86.72,1.0,2021-04-05,83.93,31,Rotated Out
WAL,2021-03-08,87.38,1.0,2021-03-22,86.77,14,Rotated Out
WAL,2021-03-11,87.38,1.0,2021-04-05,83.93,25,Rotated Out
WAL,2021-03-18,88.98,1.0,2021-04-05,83.93,18,Rotated Out
WAL,2021-03-23,83.12,1.0,2021-04-07,83.01,15,Rotated Out
WAL,2021-03-24,82.49,1.0,2021-06-17,82.16,85,Trailing Stop
WAL,2023-08-07,49.95,1.0,2023-08-21,45.9,14,Rotated Out
WAL,2023-08-08,49.36,1.0,2023-08-22,44.69,14,Rotated Out
WAL,2023-08-09,48.17,1.0,2023-08-23,46.39,14,Rotated Out
WBD,2021-01-27,43.87,1.0,2021-03-08,67.25,40,Take Profit
WBD,2021-02-01,42.12,1.0,2021-03-05,64.25,32,Take Profit
WBD,2021-02-03,40.81,1.0,2021-03-03,61.45,28,Take Profit
WBD,2021-02-12,47.8,1.0,2021-03-15,73.67,31,Take Profit
WBD,2021-02-23,52.95,1.0,2021-03-24,61.94,29,Trailing Stop
WBD,2021-02-25,51.32,1.0,2021-03-19,77.27,22,Take Profit
WBD,2021-03-01,58.18,1.0,2021-03-24,61.94,23,Trailing Stop
WBD,2021-03-02,59.24,1.0,2021-03-24,61.94,22,Trailing Stop
WBD,2021-03-03,61.45,1.0,2021-03-24,61.94,21,Trailing Stop
WBD,2021-03-04,62.6,1.0,2021-03-24,61.94,20,Trailing Stop
WBD,2021-03-05,64.25,1.0,2021-03-24,61.94,19,Trailing Stop
WBD,2021-03-08,67.25,1.0,2021-03-24,61.94,16,Trailing Stop
WBD,2021-03-15,73.67,1.0,2021-03-24,61.94,9,Trailing Stop
WBD,2021-03-19,77.27,1.0,2021-03-24,61.94,5,Trailing Stop
WBD,2023-03-20,14.24,1.0,2023-04-12,14.06,23,Rotated Out
WBD,2023-03-23,14.53,1.0,2023-04-12,14.06,20,Rotated Out
WBD,2025-11-06,22.42,1.0,2026-03-06,27.95,120,Time Stop
WBD,2025-11-11,23.05,1.0,2026-03-11,27.81,120,Time Stop
WBD,2025-11-18,23.69,1.0,2026-03-18,27.35,120,Time Stop
WBD,2025-11-20,22.88,1.0,2026-03-20,27.42,120,Time Stop
WBD,2025-11-26,23.88,1.0,2026-03-26,27.07,120,Time Stop
WBD,2025-12-03,24.57,1.0,2026-04-02,27.32,120,Time Stop
WDC,2025-08-07,74.29,1.0,2025-09-22,112.32,46,Take Profit
WDC,2025-10-16,125.82,1.0,2025-11-18,152.74,33,Trailing Stop
WDC,2025-11-03,157.89,1.0,2025-11-18,152.74,15,Trailing Stop
WDC,2025-11-04,152.06,1.0,2025-11-18,152.74,14,Trailing Stop
WDC,2025-11-06,163.47,1.0,2025-11-18,152.74,12,Trailing Stop
WDC,2025-11-18,152.74,1.0,2026-01-08,187.68,51,Trailing Stop
WDC,2025-11-20,140.12,1.0,2026-01-06,219.38,47,Take Profit
WDC,2025-12-17,166.26,1.0,2026-01-08,187.68,22,Trailing Stop
WDC,2026-01-28,279.7,1.0,2026-02-11,273.74,14,Rotated Out
WFRD,2021-04-07,12.19,1.0,2021-04-15,10.25,8,Trailing Stop
WFRD,2021-04-12,11.63,1.0,2021-04-22,9.97,10,Trailing Stop
WFRD,2021-06-25,18.53,1.0,2021-07-09,17.74,14,Rotated Out
WFRD,2021-06-28,17.92,1.0,2021-07-12,17.79,14,Rotated Out
WFRD,2021-07-01,18.52,1.0,2021-07-16,15.88,15,Trailing Stop
WFRD,2021-07-14,17.29,1.0,2021-07-19,14.85,5,Trailing Stop
WFRD,2021-07-15,16.4,1.0,2021-08-04,15.76,20,Rotated Out
WFRD,2021-07-16,15.88,1.0,2021-08-04,15.76,19,Rotated Out
WFRD,2021-07-19,14.85,1.0,2021-08-09,14.99,21,Trailing Stop
WFRD,2021-07-20,15.24,1.0,2021-08-09,14.99,20,Trailing Stop
WFRD,2021-07-21,15.9,1.0,2021-08-04,15.76,14,Rotated Out
WFRD,2021-07-27,15.88,1.0,2021-08-09,14.99,13,Trailing Stop
WFRD,2021-10-20,27.04,1.0,2021-11-30,28.03,41,Trailing Stop
WFRD,2021-10-25,28.18,1.0,2021-11-30,28.03,36,Trailing Stop
WFRD,2021-11-01,28.93,1.0,2021-11-30,28.03,29,Trailing Stop
WFRD,2021-11-23,28.96,1.0,2021-12-14,24.68,21,Trailing Stop
WFRD,2021-11-24,29.28,1.0,2021-12-14,24.68,20,Trailing Stop
WFRD,2021-11-26,28.28,1.0,2021-12-14,24.68,18,Trailing Stop
WFRD,2021-11-30,28.03,1.0,2021-12-14,24.68,14,Trailing Stop
WFRD,2021-12-06,28.22,1.0,2021-12-14,24.68,8,Trailing Stop
WFRD,2021-12-13,26.22,1.0,2021-12-20,23.02,7,Trailing Stop
WFRD,2022-10-03,32.88,1.0,2022-12-27,49.52,85,Take Profit
WFRD,2022-10-07,33.82,1.0,2023-01-11,51.19,96,Take Profit
WFRD,2022-10-10,32.75,1.0,2022-12-27,49.52,78,Take Profit
WFRD,2022-10-11,32.53,1.0,2022-12-23,48.9,73,Take Profit
WFRD,2022-10-12,32.25,1.0,2022-12-23,48.9,72,Take Profit
WFRD,2022-10-17,31.88,1.0,2022-12-21,48.0,65,Take Profit
WFRD,2022-10-25,36.42,1.0,2023-01-20,54.64,87,Take Profit
WFRD,2022-12-20,46.32,1.0,2023-01-04,46.21,15,Rotated Out
WFRD,2022-12-23,48.9,1.0,2023-01-06,48.65,14,Rotated Out
WFRD,2023-02-09,63.23,1.0,2023-02-23,60.99,14,Rotated Out
WFRD,2023-02-13,66.16,1.0,2023-03-10,58.28,25,Trailing Stop
WFRD,2023-03-01,66.65,1.0,2023-03-10,58.28,9,Trailing Stop
WFRD,2023-03-03,67.23,1.0,2023-03-10,58.28,7,Trailing Stop
WFRD,2023-03-07,65.46,1.0,2023-03-13,55.24,6,Trailing Stop
WFRD,2023-03-08,65.08,1.0,2023-03-13,55.24,5,Trailing Stop
WFRD,2023-03-09,61.25,1.0,2023-03-15,52.89,6,Trailing Stop
WFRD,2023-03-10,58.28,1.0,2023-03-17,50.54,7,Trailing Stop
WFRD,2023-09-11,93.04,1.0,2023-09-28,90.8,17,Rotated Out
WFRD,2023-09-13,93.55,1.0,2023-09-28,90.8,15,Rotated Out
WFRD,2023-09-19,92.32,1.0,2023-10-04,83.29,15,Rotated Out
WFRD,2023-09-20,90.21,1.0,2023-10-04,83.29,14,Rotated Out
WFRD,2023-09-22,88.36,1.0,2023-10-06,85.43,14,Rotated Out
WING,2022-08-19,124.64,1.0,2022-08-30,109.2,11,Trailing Stop
WING,2022-09-02,119.46,1.0,2022-09-22,125.79,20,Trailing Stop
WING,2022-09-06,130.39,1.0,2022-09-22,125.79,16,Trailing Stop
WING,2022-09-12,144.67,1.0,2022-09-22,125.79,10,Trailing Stop
WING,2022-09-13,138.57,1.0,2022-10-03,121.49,20,Trailing Stop
WING,2022-09-19,133.92,1.0,2022-10-03,121.49,14,Rotated Out
WING,2022-09-22,125.79,1.0,2022-10-11,124.74,19,Rotated Out
WING,2022-09-23,123.68,1.0,2022-10-12,121.79,19,Rotated Out
WING,2022-10-10,129.29,1.0,2022-10-14,111.94,4,Trailing Stop
WING,2023-11-17,228.51,1.0,2024-02-26,347.01,101,Take Profit
WING,2023-11-21,228.77,1.0,2024-02-26,347.01,97,Take Profit
WING,2023-11-27,238.79,1.0,2024-03-01,363.72,95,Take Profit
WING,2023-11-29,236.95,1.0,2024-03-01,363.72,93,Take Profit
WING,2023-11-30,238.68,1.0,2024-03-01,363.72,92,Take Profit
WING,2023-12-01,240.99,1.0,2024-03-01,363.72,91,Take Profit
WING,2023-12-06,245.34,1.0,2024-01-03,242.96,28,Rotated Out
WING,2025-05-27,337.94,1.0,2025-06-30,335.99,34,Rotated Out
WING,2025-05-28,338.58,1.0,2025-06-30,335.99,33,Rotated Out
WING,2025-05-29,339.8,1.0,2025-06-30,335.99,32,Rotated Out
WLK,2022-05-09,124.83,1.0,2022-05-23,118.38,14,Rotated Out
WMG,2023-01-04,33.9,1.0,2023-01-13,30.25,9,Trailing Stop
WMG,2023-01-05,34.4,1.0,2023-01-13,30.25,8,Trailing Stop
WMG,2023-01-06,35.2,1.0,2023-01-13,30.25,7,Trailing Stop
WMS,2022-09-19,133.66,1.0,2022-10-03,127.25,14,Rotated Out
WSM,2021-04-12,80.49,1.0,2021-04-28,80.38,16,Rotated Out
WSM,2023-11-20,87.89,1.0,2024-03-13,137.73,114,Take Profit
WSM,2025-02-06,207.78,1.0,2025-02-20,206.14,14,Rotated Out
WSM,2025-02-11,203.25,1.0,2025-02-25,193.37,14,Rotated Out
WSM,2025-02-13,203.9,1.0,2025-02-27,189.35,14,Rotated Out
WSM,2025-02-14,211.33,1.0,2025-02-28,191.61,14,Rotated Out
WST,2023-04-24,368.95,1.0,2023-05-08,364.28,14,Rotated Out
WYNN,2023-01-11,93.54,1.0,2023-05-11,103.91,120,Time Stop
WYNN,2023-01-12,95.85,1.0,2023-05-12,102.44,120,Time Stop
WYNN,2023-01-13,97.44,1.0,2023-01-30,96.58,17,Rotated Out
WYNN,2023-01-18,95.6,1.0,2023-05-18,107.21,120,Time Stop
WYNN,2023-01-19,96.16,1.0,2023-05-19,107.19,120,Time Stop
WYNN,2023-01-20,96.49,1.0,2023-05-22,105.61,122,Time Stop
WYNN,2023-01-23,97.48,1.0,2023-05-23,99.25,120,Time Stop
XPO,2023-05-30,48.49,1.0,2023-08-08,73.06,70,Take Profit
XPO,2023-06-22,53.42,1.0,2023-10-20,72.1,120,Time Stop
XPO,2023-06-29,59.25,1.0,2023-10-25,69.31,118,Trailing Stop
XPO,2023-06-30,59.0,1.0,2023-10-25,69.31,117,Trailing Stop
XPO,2023-07-03,59.59,1.0,2023-10-25,69.31,114,Trailing Stop
XPO,2023-07-10,60.05,1.0,2023-10-25,69.31,107,Trailing Stop
XPO,2023-09-05,73.03,1.0,2023-09-19,69.09,14,Rotated Out
XYZ,2020-08-28,155.93,1.0,2020-09-04,146.39,7,Trailing Stop
XYZ,2020-09-02,162.88,1.0,2020-09-08,139.11,6,Trailing Stop
XYZ,2020-09-04,146.39,1.0,2020-09-18,145.01,14,Rotated Out
XYZ,2023-12-26,78.18,1.0,2024-01-03,68.63,8,Trailing Stop
XYZ,2024-01-02,72.22,1.0,2024-01-16,65.16,14,Rotated Out
YOU,2024-08-27,28.46,1.0,2024-11-07,27.64,72,Trailing Stop
YOU,2024-08-28,27.79,1.0,2024-11-07,27.64,71,Trailing Stop
YOU,2024-09-03,28.54,1.0,2024-11-07,27.64,65,Trailing Stop
YOU,2024-09-04,28.78,1.0,2024-11-07,27.64,64,Trailing Stop
YOU,2024-09-06,27.56,1.0,2024-11-07,27.64,62,Trailing Stop
YOU,2026-05-18,59.18,1.0,2026-06-01,57.43,14,Rotated Out
ZION,2023-08-09,33.83,1.0,2023-08-22,30.28,13,Trailing Stop
ZION,2023-08-10,33.95,1.0,2023-08-22,30.28,12,Trailing Stop
ZION,2023-08-11,34.65,1.0,2023-08-22,30.28,11,Trailing Stop
